component,ell_min,ell_max,ell_band,cptg_residual_fraction,planck_residual_fraction,cptg_minus_planck_residual_fraction,cptg_residual_rms_uK,planck_residual_rms_uK,cptg_minus_planck_residual_rms_uK,cptg_corr,planck_corr,observed_band_rms_uK,valid_sky_fraction,temperature_field,temperature_unit_inference,mask_field,mask_source_used,run,family,component_or_band
SMICA,2,30,2-30,0.2412490456394991,0.2400496803914514,0.0011993652480476,10.352125924128064,10.30066051814521,0.0514654059828529,0.9704625171169862,0.9707598899774008,42.91053627460708,0.8364308675130209,I_STOKES,K_CMB_to_uK,TMASK,COM_CMB_IQU-smica_2048_R3.00_full.fits,Planck low-ell bands non-inpainted,Planck low-ell bands,SMICA ell=2-30
SMICA,2,40,2-40,0.2327046820230576,0.2316402241280206,0.001064457895037,10.910225877018457,10.860319377628477,0.04990649938998,0.9725470182838916,0.9728011029669444,46.88442786010386,0.8364308675130209,I_STOKES,K_CMB_to_uK,TMASK,COM_CMB_IQU-smica_2048_R3.00_full.fits,Planck low-ell bands non-inpainted,Planck low-ell bands,SMICA ell=2-40
SMICA,2,64,2-64,0.2127017152066205,0.2118885411752379,0.0008131740313826,11.401244205982987,11.357656425297952,0.0435877806850371,0.9771170749213062,0.977293735484209,53.60203228689392,0.8364308675130209,I_STOKES,K_CMB_to_uK,TMASK,COM_CMB_IQU-smica_2048_R3.00_full.fits,Planck low-ell bands non-inpainted,Planck low-ell bands,SMICA ell=2-64
SMICA,2,95,2-95,0.1937469473132608,0.1932034462739481,0.0005435010393126,11.76553098926323,11.732526194042428,0.033004795220803,0.9810515134789684,0.9811586927256448,60.72627802615164,0.8364308675130209,I_STOKES,K_CMB_to_uK,TMASK,COM_CMB_IQU-smica_2048_R3.00_full.fits,Planck low-ell bands non-inpainted,Planck low-ell bands,SMICA ell=2-95
SMICA_noSZ,2,30,2-30,0.2383197909769598,0.2371503270380634,0.0011694639388963,10.282556031191726,10.23209828939502,0.0504577417967055,0.9711857847221832,0.9714720231192252,43.14604334386068,0.8364308675130209,I_STOKES,K_CMB_to_uK,TMASK,COM_CMB_IQU-smica_2048_R3.00_full.fits,Planck low-ell bands non-inpainted,Planck low-ell bands,SMICA_noSZ ell=2-30
SMICA_noSZ,2,40,2-40,0.2300205371232488,0.2289834081505291,0.0010371289727196,10.8443878638884,10.795492104467485,0.0488957594209154,0.9731852352500326,0.9734297909195504,47.14530276084782,0.8364308675130209,I_STOKES,K_CMB_to_uK,TMASK,COM_CMB_IQU-smica_2048_R3.00_full.fits,Planck low-ell bands non-inpainted,Planck low-ell bands,SMICA_noSZ ell=2-40
SMICA_noSZ,2,64,2-64,0.2101374280597369,0.2093457004393135,0.0007917276204233,11.320827825829737,11.278174728956298,0.0426530968734386,0.9776717310206208,0.977841567882504,53.87344810659575,0.8364308675130209,I_STOKES,K_CMB_to_uK,TMASK,COM_CMB_IQU-smica_2048_R3.00_full.fits,Planck low-ell bands non-inpainted,Planck low-ell bands,SMICA_noSZ ell=2-64
SMICA_noSZ,2,95,2-95,0.1913205289711196,0.190790622790303,0.0005299061808166,11.668497788159458,11.636179201481683,0.0323185866777748,0.9815275817878774,0.9816307234449204,60.98926158583249,0.8364308675130209,I_STOKES,K_CMB_to_uK,TMASK,COM_CMB_IQU-smica_2048_R3.00_full.fits,Planck low-ell bands non-inpainted,Planck low-ell bands,SMICA_noSZ ell=2-95
NILC,2,30,2-30,0.245835995948071,0.2445989237275017,0.0012370722205693,10.530298999818864,10.477309443441134,0.052989556377728,0.969311389271251,0.9696242951406424,42.834650634495446,0.7820383707682291,I_STOKES,K_CMB_to_uK,TMASK,COM_CMB_IQU-nilc_2048_R3.00_full.fits,Planck low-ell bands non-inpainted,Planck low-ell bands,NILC ell=2-30
NILC,2,40,2-40,0.2372815120242765,0.2361810154500347,0.0011004965742417,11.086902686372484,11.035482336252429,0.0514203501200576,0.9714408468455348,0.9717089915904216,46.7246798614389,0.7820383707682291,I_STOKES,K_CMB_to_uK,TMASK,COM_CMB_IQU-nilc_2048_R3.00_full.fits,Planck low-ell bands non-inpainted,Planck low-ell bands,NILC ell=2-40
NILC,2,64,2-64,0.2166253369253801,0.2157816593787903,0.0008436775465897,11.58286807811124,11.537756985100083,0.0451110930111546,0.9762547625970948,0.9764415877867592,53.46959059595663,0.7820383707682291,I_STOKES,K_CMB_to_uK,TMASK,COM_CMB_IQU-nilc_2048_R3.00_full.fits,Planck low-ell bands non-inpainted,Planck low-ell bands,NILC ell=2-64
NILC,2,95,2-95,0.1973498900754559,0.196784128141278,0.0005657619341778,11.961426561946425,11.927135588565967,0.0342909733804557,0.9803331108495632,0.9804468340123969,60.61025196098676,0.7820383707682291,I_STOKES,K_CMB_to_uK,TMASK,COM_CMB_IQU-nilc_2048_R3.00_full.fits,Planck low-ell bands non-inpainted,Planck low-ell bands,NILC ell=2-95
SEVEM,2,30,2-30,0.2482859767100306,0.2470774190604084,0.0012085576496222,10.607796006156416,10.55616146288197,0.0516345432744458,0.9686865426467154,0.9689955095630112,42.72410446501011,0.8378740946451823,I_STOKES,K_CMB_to_uK,TMASK,COM_CMB_IQU-sevem_2048_R3.00_full.fits,Planck low-ell bands non-inpainted,Planck low-ell bands,SEVEM ell=2-30
SEVEM,2,40,2-40,0.2386911227696231,0.2376121144944506,0.0010790082751724,11.13155319806422,11.081232776102713,0.0503204219615103,0.9710953742003317,0.9713599558523498,46.63580726798975,0.8378740946451823,I_STOKES,K_CMB_to_uK,TMASK,COM_CMB_IQU-sevem_2048_R3.00_full.fits,Planck low-ell bands non-inpainted,Planck low-ell bands,SEVEM ell=2-40
SEVEM,2,64,2-64,0.2181679794508245,0.2173352327912033,0.0008327466596212,11.607776408274605,11.563469553281704,0.0443068549929002,0.975911222984754,0.976097013173849,53.20568324230649,0.8378740946451823,I_STOKES,K_CMB_to_uK,TMASK,COM_CMB_IQU-sevem_2048_R3.00_full.fits,Planck low-ell bands non-inpainted,Planck low-ell bands,SEVEM ell=2-64
SEVEM,2,95,2-95,0.1987860966133162,0.1982347264548325,0.0005513701584837,12.001059492405286,11.9677723250076,0.0332871673976864,0.9800428864251944,0.9801545617018677,60.37172466719365,0.8378740946451823,I_STOKES,K_CMB_to_uK,TMASK,COM_CMB_IQU-sevem_2048_R3.00_full.fits,Planck low-ell bands non-inpainted,Planck low-ell bands,SEVEM ell=2-95
COMMANDER,2,30,2-30,0.236226053147606,0.2350461495010772,0.0011799036465288,10.257744399155593,10.206508941167554,0.0512354579880369,0.9716979113597686,0.9719839972577804,43.42342541170103,0.8803787231445312,I_STOKES,K_CMB_to_uK,TMASK,COM_CMB_IQU-commander_2048_R3.00_full.fits,Planck low-ell bands non-inpainted,Planck low-ell bands,COMMANDER ell=2-30
COMMANDER,2,40,2-40,0.2281637687859523,0.2271124416129228,0.0010513271730295,10.788321241111756,10.73861109066805,0.0497101504437065,0.9736226466056492,0.9738684225347214,47.283235627268326,0.8803787231445312,I_STOKES,K_CMB_to_uK,TMASK,COM_CMB_IQU-commander_2048_R3.00_full.fits,Planck low-ell bands non-inpainted,Planck low-ell bands,COMMANDER ell=2-40
COMMANDER,2,64,2-64,0.2088809085752553,0.2080694188864416,0.0008114896888136,11.24370212583466,11.200021023519268,0.0436811023153911,0.977941054686925,0.978114031080104,53.82829001715009,0.8803787231445312,I_STOKES,K_CMB_to_uK,TMASK,COM_CMB_IQU-commander_2048_R3.00_full.fits,Planck low-ell bands non-inpainted,Planck low-ell bands,COMMANDER ell=2-64
COMMANDER,2,95,2-95,0.1904149447563579,0.1898666797330586,0.0005482650232992,11.590681454723027,11.557308206389193,0.0333732483338344,0.981703676999734,0.9818098618240446,60.87064998786561,0.8803787231445312,I_STOKES,K_CMB_to_uK,TMASK,COM_CMB_IQU-commander_2048_R3.00_full.fits,Planck low-ell bands non-inpainted,Planck low-ell bands,COMMANDER ell=2-95
SMICA,2,30,2-30,0.2490951060516665,0.2480547307544242,0.0010403752972422,11.322534109770526,11.275244201202254,0.0472899085682723,0.968479001604868,0.9687459932246736,45.45466303710537,0.9830919901529948,I_STOKES_INP,K_CMB_to_uK,TMASKINP,COM_CMB_IQU-smica_2048_R3.00_full.fits,Planck low-ell bands inpainted,Planck low-ell bands,SMICA ell=2-30
SMICA,2,40,2-40,0.2389055563708338,0.2379616000917102,0.0009439562791236,11.71178957284431,11.665514310456103,0.0462752623882067,0.9710428015906478,0.9712745566353258,49.02267553235574,0.9830919901529948,I_STOKES_INP,K_CMB_to_uK,TMASKINP,COM_CMB_IQU-smica_2048_R3.00_full.fits,Planck low-ell bands inpainted,Planck low-ell bands,SMICA ell=2-40
SMICA,2,64,2-64,0.2174391199363431,0.216687102264073,0.00075201767227,12.051064212890616,12.009385359239952,0.0416788536506622,0.9760738844837192,0.9762411067816033,55.422705060702285,0.9830919901529948,I_STOKES_INP,K_CMB_to_uK,TMASKINP,COM_CMB_IQU-smica_2048_R3.00_full.fits,Planck low-ell bands inpainted,Planck low-ell bands,SMICA ell=2-64
SMICA,2,95,2-95,0.1975427375065989,0.1969951130998302,0.0005476244067687,12.302133843492266,12.268030090385134,0.0341037531071322,0.9802942756259552,0.9804044702986556,62.275809269279314,0.9830919901529948,I_STOKES_INP,K_CMB_to_uK,TMASKINP,COM_CMB_IQU-smica_2048_R3.00_full.fits,Planck low-ell bands inpainted,Planck low-ell bands,SMICA ell=2-95
SMICA_noSZ,2,30,2-30,0.2576400400919585,0.2566170448910977,0.0010229952008608,11.754411426544326,11.70773891991839,0.0466725066259368,0.9662409686186848,0.9665131618190886,45.62338766268188,0.9830919901529948,I_STOKES_INP,uK_native_or_already_scaled,TMASKINP,COM_CMB_IQU-smica_2048_R3.00_full.fits,Planck low-ell bands inpainted,Planck low-ell bands,SMICA_noSZ ell=2-30
SMICA_noSZ,2,40,2-40,0.2466611509141291,0.2457306204738272,0.0009305304403018,12.138212984285447,12.092421514364522,0.0457914699209247,0.9691017862458878,0.9693381544491458,49.21007195215415,0.9830919901529948,I_STOKES_INP,uK_native_or_already_scaled,TMASKINP,COM_CMB_IQU-smica_2048_R3.00_full.fits,Planck low-ell bands inpainted,Planck low-ell bands,SMICA_noSZ ell=2-40
SMICA_noSZ,2,64,2-64,0.2242353287441562,0.2234918421117035,0.0007434866324526,12.471064190550267,12.429714464037223,0.0413497265130455,0.9745350198112273,0.9747057936053164,55.615964979270814,0.9830919901529948,I_STOKES_INP,uK_native_or_already_scaled,TMASKINP,COM_CMB_IQU-smica_2048_R3.00_full.fits,Planck low-ell bands inpainted,Planck low-ell bands,SMICA_noSZ ell=2-64
SMICA_noSZ,2,95,2-95,0.2036260575305722,0.2030854185880453,0.0005406389425268,12.726049293375896,12.692260897548987,0.0337883958269085,0.9790487346941102,0.9791610230133708,62.497155068010976,0.9830919901529948,I_STOKES_INP,uK_native_or_already_scaled,TMASKINP,COM_CMB_IQU-smica_2048_R3.00_full.fits,Planck low-ell bands inpainted,Planck low-ell bands,SMICA_noSZ ell=2-95
NILC,2,30,2-30,0.2458050261559188,0.244568343351731,0.0012366828041877,10.52822168825788,10.475252589439346,0.0529690988185347,0.9693192413357048,0.9696320069572082,42.83159646043865,0.7820383707682291,I_STOKES_INP,K_CMB_to_uK,TMASK,COM_CMB_IQU-nilc_2048_R3.00_full.fits,Planck low-ell bands inpainted,Planck low-ell bands,NILC ell=2-30
NILC,2,40,2-40,0.2372314884307528,0.2361312003295189,0.0011002881012339,11.083212280595037,11.031807946893574,0.0514043337014609,0.9714530617690212,0.971721095852456,46.718976278860175,0.7820383707682291,I_STOKES_INP,K_CMB_to_uK,TMASK,COM_CMB_IQU-nilc_2048_R3.00_full.fits,Planck low-ell bands inpainted,Planck low-ell bands,NILC ell=2-40
NILC,2,64,2-64,0.2165787718940148,0.215735016467933,0.0008437554260818,11.578550854457555,11.53344271655384,0.0451081379037177,0.9762650931947148,0.9764518933870092,53.46115297081676,0.7820383707682291,I_STOKES_INP,K_CMB_to_uK,TMASK,COM_CMB_IQU-nilc_2048_R3.00_full.fits,Planck low-ell bands inpainted,Planck low-ell bands,NILC ell=2-64
NILC,2,95,2-95,0.1973440933638953,0.1967793634103077,0.0005647299535876,11.96071712473822,11.926489724710224,0.034227400027996,0.980334277527083,0.9804477900892948,60.60843737888364,0.7820383707682291,I_STOKES_INP,K_CMB_to_uK,TMASK,COM_CMB_IQU-nilc_2048_R3.00_full.fits,Planck low-ell bands inpainted,Planck low-ell bands,NILC ell=2-95
SEVEM,2,30,2-30,0.2611128250610824,0.2599503471793302,0.0011624778817522,11.397580458723166,11.346838274053924,0.0507421846692413,0.9653080703649796,0.9656217680192004,43.65002161826757,0.9608548482259116,I_STOKES_INP,K_CMB_to_uK,TMASKINP,COM_CMB_IQU-sevem_2048_R3.00_full.fits,Planck low-ell bands inpainted,Planck low-ell bands,SEVEM ell=2-30
SEVEM,2,40,2-40,0.2501543603098138,0.2490970860807672,0.0010572742290465,11.803761441176968,11.753872993251798,0.04988844792517,0.9682057935072956,0.968478346229534,47.18591123719818,0.9608548482259116,I_STOKES_INP,K_CMB_to_uK,TMASKINP,COM_CMB_IQU-sevem_2048_R3.00_full.fits,Planck low-ell bands inpainted,Planck low-ell bands,SEVEM ell=2-40
SEVEM,2,64,2-64,0.2276886640777941,0.2268377888815884,0.0008508751962057,12.146111614956087,12.100721454030108,0.0453901609259812,0.9737338718771458,0.97393244127071,53.34526276989415,0.9608548482259116,I_STOKES_INP,K_CMB_to_uK,TMASKINP,COM_CMB_IQU-sevem_2048_R3.00_full.fits,Planck low-ell bands inpainted,Planck low-ell bands,SEVEM ell=2-64
SEVEM,2,95,2-95,0.2065759447226297,0.2059517605494886,0.0006241841731411,12.409548023402772,12.37205167559498,0.0374963478077923,0.9784305070136244,0.9785620833936616,60.072570598987774,0.9608548482259116,I_STOKES_INP,K_CMB_to_uK,TMASKINP,COM_CMB_IQU-sevem_2048_R3.00_full.fits,Planck low-ell bands inpainted,Planck low-ell bands,SEVEM ell=2-95
COMMANDER,2,30,2-30,0.2362331243403947,0.2350531458143953,0.0011799785259993,10.255983755400788,10.20475537399508,0.051228381405707,0.971696185111472,0.9719822982808856,43.41467262068913,0.8803787231445312,I_STOKES_INP,K_CMB_to_uK,TMASK,COM_CMB_IQU-commander_2048_R3.00_full.fits,Planck low-ell bands inpainted,Planck low-ell bands,COMMANDER ell=2-30
COMMANDER,2,40,2-40,0.228178156803899,0.2271269013629,0.0010512554409989,10.786982025245472,10.737284570831624,0.0496974544138471,0.9736192684732958,0.9738650441152372,47.27438496453464,0.8803787231445312,I_STOKES_INP,K_CMB_to_uK,TMASK,COM_CMB_IQU-commander_2048_R3.00_full.fits,Planck low-ell bands inpainted,Planck low-ell bands,COMMANDER ell=2-40
COMMANDER,2,64,2-64,0.2088739009203052,0.2080627135772471,0.0008111873430581,11.241807926432326,11.198148990285526,0.0436589361467998,0.9779425484187724,0.97811545444296,53.82102731313272,0.8803787231445312,I_STOKES_INP,K_CMB_to_uK,TMASK,COM_CMB_IQU-commander_2048_R3.00_full.fits,Planck low-ell bands inpainted,Planck low-ell bands,COMMANDER ell=2-64
COMMANDER,2,95,2-95,0.1904365248903714,0.1898894236031509,0.0005471012872205,11.591211604603812,11.557911444390454,0.0333001602133578,0.981699489732917,0.9818054619923156,60.86653603491516,0.8803787231445312,I_STOKES_INP,K_CMB_to_uK,TMASK,COM_CMB_IQU-commander_2048_R3.00_full.fits,Planck low-ell bands inpainted,Planck low-ell bands,COMMANDER ell=2-95
WMAP_ILC,2,30,2-30,0.2463909411784202,0.245517487526538,0.0008734536518821,11.55104209711168,11.510093757637376,0.0409483394743031,0.9691705237496252,0.9693921617790026,46.8809528542982,1.0,,,,,WMAP low-ell bands,WMAP low-ell bands,WMAP ILC ell=2-30
WMAP_ILC,2,40,2-40,0.2354762838379256,0.2346752313311239,0.0008010525068016,11.869220487331152,11.828843305093546,0.0403771822376057,0.9718800953563228,0.972073832483736,50.40516307578787,1.0,,,,,WMAP low-ell bands,WMAP low-ell bands,WMAP ILC ell=2-40
WMAP_ILC,2,64,2-64,0.2141727194326077,0.2134730830089541,0.0006996364236535,12.011607322709558,11.972369094741705,0.0392382279678535,0.9767958058111276,0.976948945866684,56.08374098499117,1.0,,,,,WMAP low-ell bands,WMAP low-ell bands,WMAP ILC ell=2-64
WMAP_ILC,2,95,2-95,0.199645595164532,0.1989097821129993,0.0007358130515327,12.23773758559022,12.192634226163287,0.0451033594269336,0.9798681729350154,0.9800178052358884,61.29730824015851,1.0,,,,,WMAP low-ell bands,WMAP low-ell bands,WMAP ILC ell=2-95
