component,mask_label,mask_threshold,galactic_cut_deg,galactic_cut_label,cptg_residual_fraction,planck_residual_fraction,cptg_minus_planck_residual_fraction,cptg_residual_rms_uK,planck_residual_rms_uK,cptg_minus_planck_residual_rms_uK,cptg_corr,planck_corr,observed_rms_uK,valid_sky_fraction,temperature_field,temperature_unit_inference,mask_field,mask_source_used
SMICA,mask_ge_0.50_no_galactic_cut,0.5,-1.0,no_galactic_cut,0.18177523963151201,0.18152845851498875,0.00024678111652326473,18.275645346606414,18.250834023716887,0.024811322889526366,0.9833401050790648,0.9833856917553621,100.53979509890412,0.842749277750651,I_STOKES,K_CMB_to_uK,TMASK,COM_CMB_IQU-smica_2048_R3.00_full.fits
SMICA,mask_ge_0.50_abs_b_gt_10deg,0.5,10.0,abs_b_gt_10deg,0.18594284934072533,0.18575433915905673,0.00018851018166859967,18.596729180333412,18.577875684172326,0.01885349616108556,0.9825605613798327,0.9825962169088491,100.01314514792875,0.7878214518229166,I_STOKES,K_CMB_to_uK,TMASK,COM_CMB_IQU-smica_2048_R3.00_full.fits
SMICA,mask_ge_0.50_abs_b_gt_20deg,0.5,20.0,abs_b_gt_20deg,0.1924489672391994,0.19229991537844002,0.00014905186075939159,19.130887990325824,19.116071104094402,0.014816886231422188,0.9813069830631828,0.981336202606143,99.40758978741407,0.646630605061849,I_STOKES,K_CMB_to_uK,TMASK,COM_CMB_IQU-smica_2048_R3.00_full.fits
SMICA,mask_ge_0.50_abs_b_gt_30deg,0.5,30.0,abs_b_gt_30deg,0.19561254166336486,0.19555877561659513,5.376604676973762e-05,19.305962384906863,19.30065594970749,0.005306435199372572,0.9806812599127191,0.980691982877059,98.69491097422086,0.49425379435221356,I_STOKES,K_CMB_to_uK,TMASK,COM_CMB_IQU-smica_2048_R3.00_full.fits
SMICA,mask_ge_0.50_abs_b_gt_40deg,0.5,40.0,abs_b_gt_40deg,0.19240123208525514,0.19239636494592688,4.867139328262882e-06,18.906990691852,18.90651240511247,0.0004782867395292101,0.981316343434713,0.98131729769509,98.26855310091828,0.35579681396484375,I_STOKES,K_CMB_to_uK,TMASK,COM_CMB_IQU-smica_2048_R3.00_full.fits
SMICA,mask_ge_0.70_no_galactic_cut,0.7,-1.0,no_galactic_cut,0.18183152414635861,0.18158797352377623,0.00024355062258238358,18.279337190443037,18.25485329539774,0.024483895045296578,0.9833296989446685,0.9833747036971859,100.52897744909049,0.8408215840657552,I_STOKES,K_CMB_to_uK,TMASK,COM_CMB_IQU-smica_2048_R3.00_full.fits
SMICA,mask_ge_0.70_abs_b_gt_10deg,0.7,10.0,abs_b_gt_10deg,0.18593088152869358,0.18574401971149035,0.00018686181720323214,18.595018928839043,18.576330806675564,0.018688122163478482,0.9825628261307077,0.98259816768678,100.01038437484839,0.7867355346679688,I_STOKES,K_CMB_to_uK,TMASK,COM_CMB_IQU-smica_2048_R3.00_full.fits
SMICA,mask_ge_0.70_abs_b_gt_20deg,0.7,20.0,abs_b_gt_20deg,0.19243798600943812,0.19229055899270614,0.00014742701673198244,19.12931495433996,19.114659958752416,0.014654995587545017,0.9813091365826732,0.9813380360111763,99.4050881066785,0.6460316975911459,I_STOKES,K_CMB_to_uK,TMASK,COM_CMB_IQU-smica_2048_R3.00_full.fits
SMICA,mask_ge_0.70_abs_b_gt_30deg,0.7,30.0,abs_b_gt_30deg,0.195543089844449,0.1954909512600132,5.2138584435784674e-05,19.298424192979194,19.29327856231506,0.00514563066413487,0.9806951106302537,0.9807055052233851,98.69141480954782,0.49385325113932294,I_STOKES,K_CMB_to_uK,TMASK,COM_CMB_IQU-smica_2048_R3.00_full.fits
SMICA,mask_ge_0.70_abs_b_gt_40deg,0.7,40.0,abs_b_gt_40deg,0.19232838260040316,0.19232434057995657,4.0420204465985154e-06,18.89952246341682,18.899125266418668,0.0003971969981506618,0.9813306238196752,0.9813314159958829,98.2669443161906,0.3556073506673177,I_STOKES,K_CMB_to_uK,TMASK,COM_CMB_IQU-smica_2048_R3.00_full.fits
SMICA,mask_ge_0.80_no_galactic_cut,0.8,-1.0,no_galactic_cut,0.18164158093214108,0.18139984211453777,0.00024173881760330973,18.258488336048472,18.234188914303026,0.024299421745446637,0.9833648031511361,0.9834094250518552,100.5193207543685,0.8397038777669271,I_STOKES,K_CMB_to_uK,TMASK,COM_CMB_IQU-smica_2048_R3.00_full.fits
SMICA,mask_ge_0.80_abs_b_gt_10deg,0.8,10.0,abs_b_gt_10deg,0.18581321912100154,0.18562727628929793,0.00018594283170361714,18.58269287635588,18.564097221264955,0.018595655090923202,0.9825850841529659,0.9826202289274409,100.00737818472878,0.7860755920410156,I_STOKES,K_CMB_to_uK,TMASK,COM_CMB_IQU-smica_2048_R3.00_full.fits
SMICA,mask_ge_0.80_abs_b_gt_20deg,0.8,20.0,abs_b_gt_20deg,0.19240200185587616,0.19225551906287827,0.0001464827929978929,19.125373647160316,19.110812789570783,0.014560857589533072,0.9813161925097597,0.9813449013419613,99.40319467926683,0.6456820170084635,I_STOKES,K_CMB_to_uK,TMASK,COM_CMB_IQU-smica_2048_R3.00_full.fits
SMICA,mask_ge_0.80_abs_b_gt_30deg,0.8,30.0,abs_b_gt_30deg,0.19548994678855242,0.1954386309810995,5.1315807452906315e-05,19.292341767543206,19.287277557788574,0.005064209754632287,0.9807057054512371,0.9807159331428411,98.68712987277223,0.49364598592122394,I_STOKES,K_CMB_to_uK,TMASK,COM_CMB_IQU-smica_2048_R3.00_full.fits
SMICA,mask_ge_0.80_abs_b_gt_40deg,0.8,40.0,abs_b_gt_40deg,0.1922898929215538,0.19228648944357088,3.403477982916181e-06,18.895283851711056,18.89494941040687,0.00033444130418658347,0.9813381665257993,0.9813388334196644,98.26457108392867,0.35552088419596356,I_STOKES,K_CMB_to_uK,TMASK,COM_CMB_IQU-smica_2048_R3.00_full.fits
SMICA,mask_ge_0.90_no_galactic_cut,0.9,-1.0,no_galactic_cut,0.18145600425061847,0.18121617612804816,0.0002398281225703125,18.239213355837915,18.21510681654562,0.024106539292294116,0.9833990637179799,0.983443286371679,100.5158987775724,0.8384526570638021,I_STOKES,K_CMB_to_uK,TMASK,COM_CMB_IQU-smica_2048_R3.00_full.fits
SMICA,mask_ge_0.90_abs_b_gt_10deg,0.9,10.0,abs_b_gt_10deg,0.18568561743972903,0.18550061382758085,0.0001850036121481824,18.57006744254897,18.55156558116586,0.018501861383111162,0.9826092058779148,0.9826441483413978,100.00810885946272,0.7853101094563802,I_STOKES,K_CMB_to_uK,TMASK,COM_CMB_IQU-smica_2048_R3.00_full.fits
SMICA,mask_ge_0.90_abs_b_gt_20deg,0.9,20.0,abs_b_gt_20deg,0.1923437646277806,0.1921981402980985,0.00014562432968209804,19.11984013868893,19.105364421687064,0.014475717001865007,0.9813276090117985,0.9813561406879527,99.40452281200392,0.6452649434407552,I_STOKES,K_CMB_to_uK,TMASK,COM_CMB_IQU-smica_2048_R3.00_full.fits
SMICA,mask_ge_0.90_abs_b_gt_30deg,0.9,30.0,abs_b_gt_30deg,0.1954282211452278,0.19537749072351435,5.0730421713440776e-05,19.286237952836416,19.281231516310108,0.005006436526308278,0.9807180075740487,0.9807281152891372,98.68706699481397,0.49339040120442706,I_STOKES,K_CMB_to_uK,TMASK,COM_CMB_IQU-smica_2048_R3.00_full.fits
SMICA,mask_ge_0.90_abs_b_gt_40deg,0.9,40.0,abs_b_gt_40deg,0.19226420720857235,0.19226077301349226,3.4341950800875765e-06,18.89248318534901,18.8921457305843,0.0003374547647112536,0.9813431992052825,0.9813438720246102,98.26313207041204,0.3554026285807292,I_STOKES,K_CMB_to_uK,TMASK,COM_CMB_IQU-smica_2048_R3.00_full.fits
SMICA,mask_ge_0.95_no_galactic_cut,0.95,-1.0,no_galactic_cut,0.18139202948295594,0.18115304310813352,0.0002389863748224197,18.232743205140828,18.208721327144946,0.024021877995881624,0.9834108661388964,0.9834549176106969,100.51568008314293,0.8376681009928385,I_STOKES,K_CMB_to_uK,TMASK,COM_CMB_IQU-smica_2048_R3.00_full.fits
SMICA,mask_ge_0.95_abs_b_gt_10deg,0.95,10.0,abs_b_gt_10deg,0.1856212067669035,0.18543693994311486,0.0001842668237886369,18.563765587031334,18.5453372717442,0.018428315287135177,0.9826213755045219,0.9826561663697703,100.0088616509376,0.7848409016927084,I_STOKES,K_CMB_to_uK,TMASK,COM_CMB_IQU-smica_2048_R3.00_full.fits
SMICA,mask_ge_0.95_abs_b_gt_20deg,0.95,20.0,abs_b_gt_20deg,0.1923158538163022,0.19217061789890882,0.00014523591739337705,19.11713157857615,19.102694421744573,0.014437156831576203,0.9813330792197452,0.9813615305361993,99.40486548153541,0.6449979146321615,I_STOKES,K_CMB_to_uK,TMASK,COM_CMB_IQU-smica_2048_R3.00_full.fits
SMICA,mask_ge_0.95_abs_b_gt_30deg,0.95,30.0,abs_b_gt_30deg,0.1954086129807916,0.1953583307564628,5.028222432879037e-05,19.283906967482604,19.278944864117335,0.004962103365269144,0.9807219147000454,0.9807319320813657,98.68504091668767,0.49322764078776044,I_STOKES,K_CMB_to_uK,TMASK,COM_CMB_IQU-smica_2048_R3.00_full.fits
SMICA,mask_ge_0.95_abs_b_gt_40deg,0.95,40.0,abs_b_gt_40deg,0.1922796396446368,0.19227639408001085,3.2455646259421655e-06,18.894085470161226,18.893766549366728,0.00031892079449846733,0.9813401755650936,0.9813408114817136,98.26357853114602,0.3553326924641927,I_STOKES,K_CMB_to_uK,TMASK,COM_CMB_IQU-smica_2048_R3.00_full.fits
SMICA,mask_ge_0.99_no_galactic_cut,0.99,-1.0,no_galactic_cut,0.18126545356954815,0.18102815749548248,0.00023729607406566822,18.21892784377171,18.195077297703072,0.023850546068636902,0.9834342048872542,0.9834779134244912,100.50965302542576,0.8364308675130209,I_STOKES,K_CMB_to_uK,TMASK,COM_CMB_IQU-smica_2048_R3.00_full.fits
SMICA,mask_ge_0.99_abs_b_gt_10deg,0.99,10.0,abs_b_gt_10deg,0.18546399469490224,0.18528072538001128,0.00018326931489096032,18.547776106327824,18.52944781449226,0.018328291835562283,0.9826510604847528,0.982685632744601,100.00742266357341,0.7841669718424479,I_STOKES,K_CMB_to_uK,TMASK,COM_CMB_IQU-smica_2048_R3.00_full.fits
SMICA,mask_ge_0.99_abs_b_gt_20deg,0.99,20.0,abs_b_gt_20deg,0.19223217446614277,0.19208797975169517,0.00014419471444759857,19.10818707059711,19.093853884251445,0.014333186345666604,0.9813494744992827,0.9813777091593799,99.40160706012601,0.6446253458658854,I_STOKES,K_CMB_to_uK,TMASK,COM_CMB_IQU-smica_2048_R3.00_full.fits
SMICA,mask_ge_0.99_abs_b_gt_30deg,0.99,30.0,abs_b_gt_30deg,0.19537732503681574,0.19532729121336273,5.003382345300511e-05,19.28042445516596,19.275486966370334,0.004937488795626166,0.9807281482966921,0.9807381145378463,98.68301990281049,0.49300257364908856,I_STOKES,K_CMB_to_uK,TMASK,COM_CMB_IQU-smica_2048_R3.00_full.fits
SMICA,mask_ge_0.99_abs_b_gt_40deg,0.99,40.0,abs_b_gt_40deg,0.1922075419766546,0.19220453201462545,3.009962029149049e-06,18.886875219161972,18.886579451489826,0.0002957676721457858,0.9813542993268498,0.9813548888516521,98.26292467470375,0.35522715250651044,I_STOKES,K_CMB_to_uK,TMASK,COM_CMB_IQU-smica_2048_R3.00_full.fits
SMICA_noSZ,mask_ge_0.50_no_galactic_cut,0.5,-1.0,no_galactic_cut,0.18096437784064875,0.18071093806820956,0.00025343977243919014,18.241064399201257,18.215517873053148,0.025546526148108484,0.9834896511670811,0.983536250914275,100.79919936101311,0.842749277750651,I_STOKES,K_CMB_to_uK,TMASK,COM_CMB_IQU-smica_2048_R3.00_full.fits
SMICA_noSZ,mask_ge_0.50_abs_b_gt_10deg,0.5,10.0,abs_b_gt_10deg,0.18551816271417917,0.18532656662847286,0.00019159608570631925,18.591449393987173,18.572248853838534,0.019200540148638368,0.9826408353529561,0.9826769884869098,100.21363472982597,0.7878214518229166,I_STOKES,K_CMB_to_uK,TMASK,COM_CMB_IQU-smica_2048_R3.00_full.fits
SMICA_noSZ,mask_ge_0.50_abs_b_gt_20deg,0.5,20.0,abs_b_gt_20deg,0.19143229644290918,0.19128522618651952,0.00014707025638965865,19.05909904020526,19.044456648955283,0.01464239124997846,0.9815058206035228,0.9815344936591743,99.56052032155009,0.646630605061849,I_STOKES,K_CMB_to_uK,TMASK,COM_CMB_IQU-smica_2048_R3.00_full.fits
SMICA_noSZ,mask_ge_0.50_abs_b_gt_30deg,0.5,30.0,abs_b_gt_30deg,0.19597901108099078,0.1959363199016955,4.269117929528443e-05,19.356184600620583,19.35196813711921,0.004216463501371948,0.98060809053144,0.9806166215924451,98.7666204347842,0.49425379435221356,I_STOKES,K_CMB_to_uK,TMASK,COM_CMB_IQU-smica_2048_R3.00_full.fits
SMICA_noSZ,mask_ge_0.50_abs_b_gt_40deg,0.5,40.0,abs_b_gt_40deg,0.19359079242002453,0.19359559704040472,-4.8046203801888065e-06,19.031667033844744,19.032139370024357,-0.00047233617961239815,0.9810823640705131,0.9810814159928669,98.3087408028821,0.35579681396484375,I_STOKES,K_CMB_to_uK,TMASK,COM_CMB_IQU-smica_2048_R3.00_full.fits
SMICA_noSZ,mask_ge_0.70_no_galactic_cut,0.7,-1.0,no_galactic_cut,0.1810130636608048,0.1807625545083073,0.0002505091524974967,18.243779383594244,18.218531295863407,0.0252480877308372,0.983480691617344,0.9835267657199936,100.78708693523214,0.8408215840657552,I_STOKES,K_CMB_to_uK,TMASK,COM_CMB_IQU-smica_2048_R3.00_full.fits
SMICA_noSZ,mask_ge_0.70_abs_b_gt_10deg,0.7,10.0,abs_b_gt_10deg,0.18549367145425225,0.18530359787340292,0.0001900735808493259,18.588245463043343,18.56919826672032,0.01904719632302232,0.9826454588764059,0.9826813199685706,100.20959376841978,0.7867355346679688,I_STOKES,K_CMB_to_uK,TMASK,COM_CMB_IQU-smica_2048_R3.00_full.fits
SMICA_noSZ,mask_ge_0.70_abs_b_gt_20deg,0.7,20.0,abs_b_gt_20deg,0.1914131734422765,0.1912676597375437,0.00014551370473281366,19.056555498831386,19.042068564937477,0.014486933893909537,0.9815095501485238,0.9815379169133115,99.55717862113693,0.6460316975911459,I_STOKES,K_CMB_to_uK,TMASK,COM_CMB_IQU-smica_2048_R3.00_full.fits
SMICA_noSZ,mask_ge_0.70_abs_b_gt_30deg,0.7,30.0,abs_b_gt_30deg,0.19590545848444932,0.19586442640585539,4.103207859393332e-05,19.348063392262777,19.344010971958138,0.004052420304638815,0.9806227874855843,0.9806309838408661,98.76224757565188,0.49385325113932294,I_STOKES,K_CMB_to_uK,TMASK,COM_CMB_IQU-smica_2048_R3.00_full.fits
SMICA_noSZ,mask_ge_0.70_abs_b_gt_40deg,0.7,40.0,abs_b_gt_40deg,0.19351545491090721,0.19352113737628013,-5.682465372913725e-06,19.023814208648933,19.024372831553503,-0.0005586229045704272,0.9810972269406455,0.98109610609185,98.30643354768397,0.3556073506673177,I_STOKES,K_CMB_to_uK,TMASK,COM_CMB_IQU-smica_2048_R3.00_full.fits
SMICA_noSZ,mask_ge_0.80_no_galactic_cut,0.8,-1.0,no_galactic_cut,0.18080835663820335,0.18055947158117783,0.00024888505702552743,18.22095601132274,18.195874628137492,0.025081383185248995,0.983518346636092,0.9835640686921853,100.77496610282668,0.8397038777669271,I_STOKES,K_CMB_to_uK,TMASK,COM_CMB_IQU-smica_2048_R3.00_full.fits
SMICA_noSZ,mask_ge_0.80_abs_b_gt_10deg,0.8,10.0,abs_b_gt_10deg,0.18536228129377316,0.18517295985997387,0.00018932143379929434,18.574096230045722,18.555125409740455,0.018970820305266756,0.9826702522583901,0.9827059453044418,100.20429237493246,0.7860755920410156,I_STOKES,K_CMB_to_uK,TMASK,COM_CMB_IQU-smica_2048_R3.00_full.fits
SMICA_noSZ,mask_ge_0.80_abs_b_gt_20deg,0.8,20.0,abs_b_gt_20deg,0.19136651137970048,0.1912217603209012,0.00014475105879926953,19.05116646156644,19.03675601693435,0.014410444632087405,0.9815186489936719,0.9815468600019951,99.55329343787851,0.6456820170084635,I_STOKES,K_CMB_to_uK,TMASK,COM_CMB_IQU-smica_2048_R3.00_full.fits
SMICA_noSZ,mask_ge_0.80_abs_b_gt_30deg,0.8,30.0,abs_b_gt_30deg,0.19585453037644537,0.19581432608022284,4.020429622253463e-05,19.342094295125488,19.33812382128906,0.0039704738364285674,0.9806329603531702,0.9806409892013224,98.75745155319461,0.49364598592122394,I_STOKES,K_CMB_to_uK,TMASK,COM_CMB_IQU-smica_2048_R3.00_full.fits
SMICA_noSZ,mask_ge_0.80_abs_b_gt_40deg,0.8,40.0,abs_b_gt_40deg,0.19347568719189628,0.1934820016821647,-6.314490268416462e-06,19.019454090336364,19.020074830644912,-0.0006207403085483065,0.9811050700437866,0.9811038247938203,98.30410407831849,0.35552088419596356,I_STOKES,K_CMB_to_uK,TMASK,COM_CMB_IQU-smica_2048_R3.00_full.fits
SMICA_noSZ,mask_ge_0.90_no_galactic_cut,0.9,-1.0,no_galactic_cut,0.18061072382119447,0.18036365338363447,0.00024707043756000413,18.200287083604188,18.175389598015705,0.024897485588482482,0.9835546585934023,0.9835999962068463,100.77079975396458,0.8384526570638021,I_STOKES,K_CMB_to_uK,TMASK,COM_CMB_IQU-smica_2048_R3.00_full.fits
SMICA_noSZ,mask_ge_0.90_abs_b_gt_10deg,0.9,10.0,abs_b_gt_10deg,0.1852189745685928,0.1850305152056453,0.00018845936294747956,18.559823371225036,18.54093884550565,0.018884525719386147,0.9826972735587287,0.9827327757039211,100.20476257604867,0.7853101094563802,I_STOKES,K_CMB_to_uK,TMASK,COM_CMB_IQU-smica_2048_R3.00_full.fits
SMICA_noSZ,mask_ge_0.90_abs_b_gt_20deg,0.9,20.0,abs_b_gt_20deg,0.19130774400826406,0.19116382744395738,0.00014391656430667865,19.045568801535513,19.031241243383633,0.014327558151880027,0.981530105031154,0.9815581445217479,99.55461500143343,0.6452649434407552,I_STOKES,K_CMB_to_uK,TMASK,COM_CMB_IQU-smica_2048_R3.00_full.fits
SMICA_noSZ,mask_ge_0.90_abs_b_gt_30deg,0.9,30.0,abs_b_gt_30deg,0.19579091588974973,0.1957512520652902,3.9663824459523767e-05,19.33580146286042,19.331884366750412,0.003917096110008345,0.9806456634559971,0.9806535817070529,98.75739829394563,0.49339040120442706,I_STOKES,K_CMB_to_uK,TMASK,COM_CMB_IQU-smica_2048_R3.00_full.fits
SMICA_noSZ,mask_ge_0.90_abs_b_gt_40deg,0.9,40.0,abs_b_gt_40deg,0.19344496758297375,0.1934512434145012,-6.275831527458031e-06,19.01614471006599,19.01676164066901,-0.0006169306030194832,0.981111127506371,0.9811098900843795,98.30260744265397,0.3554026285807292,I_STOKES,K_CMB_to_uK,TMASK,COM_CMB_IQU-smica_2048_R3.00_full.fits
SMICA_noSZ,mask_ge_0.95_no_galactic_cut,0.95,-1.0,no_galactic_cut,0.18054747823594203,0.18030114315008616,0.0002463350858558644,18.193850080918917,18.169026784213134,0.024823296705783093,0.9835662703156518,0.9836114567138654,100.77044696876317,0.8376681009928385,I_STOKES,K_CMB_to_uK,TMASK,COM_CMB_IQU-smica_2048_R3.00_full.fits
SMICA_noSZ,mask_ge_0.95_abs_b_gt_10deg,0.95,10.0,abs_b_gt_10deg,0.18515330993230347,0.18496550251351535,0.00018780741878812734,18.55343981340226,18.534620416426478,0.01881939697578261,0.9827096477704452,0.9827450141719992,100.205823056503,0.7848409016927084,I_STOKES,K_CMB_to_uK,TMASK,COM_CMB_IQU-smica_2048_R3.00_full.fits
SMICA_noSZ,mask_ge_0.95_abs_b_gt_20deg,0.95,20.0,abs_b_gt_20deg,0.19128205723931863,0.19113848305616565,0.00014357418315297243,19.043079252390836,19.028785729057603,0.014293523333233082,0.9815351112305123,0.9815630801405417,99.55496886237206,0.6449979146321615,I_STOKES,K_CMB_to_uK,TMASK,COM_CMB_IQU-smica_2048_R3.00_full.fits
SMICA_noSZ,mask_ge_0.95_abs_b_gt_30deg,0.95,30.0,abs_b_gt_30deg,0.19577316134587552,0.19573392850503707,3.9232840838454575e-05,19.333650381479288,19.329775927887038,0.0038744535922496937,0.9806492080742439,0.9806570395566357,98.7553669183603,0.49322764078776044,I_STOKES,K_CMB_to_uK,TMASK,COM_CMB_IQU-smica_2048_R3.00_full.fits
SMICA_noSZ,mask_ge_0.95_abs_b_gt_40deg,0.95,40.0,abs_b_gt_40deg,0.1934599489689844,0.19346638631400467,-6.437345020260388e-06,19.01771235828882,19.018345169248395,-0.0006328109595763465,0.9811081735185564,0.9811069041478608,98.3030981846157,0.3553326924641927,I_STOKES,K_CMB_to_uK,TMASK,COM_CMB_IQU-smica_2048_R3.00_full.fits
SMICA_noSZ,mask_ge_0.99_no_galactic_cut,0.99,-1.0,no_galactic_cut,0.1804092599584941,0.1801645779870497,0.00024468197144439374,18.178538504471547,18.153883668903376,0.024654835568171052,0.9835916321935787,0.9836364800264111,100.762779630346,0.8364308675130209,I_STOKES,K_CMB_to_uK,TMASK,COM_CMB_IQU-smica_2048_R3.00_full.fits
SMICA_noSZ,mask_ge_0.99_abs_b_gt_10deg,0.99,10.0,abs_b_gt_10deg,0.1849799301749927,0.1847930607848536,0.00018686939013909387,18.535607611127762,18.516882673309524,0.01872493781823792,0.9827422985872009,0.9827774543027356,100.2033441876257,0.7841669718424479,I_STOKES,K_CMB_to_uK,TMASK,COM_CMB_IQU-smica_2048_R3.00_full.fits
SMICA_noSZ,mask_ge_0.99_abs_b_gt_20deg,0.99,20.0,abs_b_gt_20deg,0.19118395024948828,0.19104140968754374,0.000142540561944543,19.032511324238754,19.018321300150266,0.014190024088488684,0.9815542252810088,0.9815819781274492,99.55077975636554,0.6446253458658854,I_STOKES,K_CMB_to_uK,TMASK,COM_CMB_IQU-smica_2048_R3.00_full.fits
SMICA_noSZ,mask_ge_0.99_abs_b_gt_30deg,0.99,30.0,abs_b_gt_30deg,0.19573667342432416,0.1956976872337894,3.89861905347455e-05,19.32958695118124,19.32573694726193,0.003850003919311007,0.9806564916813529,0.9806642724252506,98.75301655545127,0.49300257364908856,I_STOKES,K_CMB_to_uK,TMASK,COM_CMB_IQU-smica_2048_R3.00_full.fits
SMICA_noSZ,mask_ge_0.99_abs_b_gt_40deg,0.99,40.0,abs_b_gt_40deg,0.19338345313008848,0.1933901347655273,-6.681635438821054e-06,19.010093417764047,19.010750239802437,-0.0006568220383904588,0.9811232542629305,0.9811219372613026,98.30258540773917,0.35522715250651044,I_STOKES,K_CMB_to_uK,TMASK,COM_CMB_IQU-smica_2048_R3.00_full.fits
NILC,mask_ge_0.50_no_galactic_cut,0.5,-1.0,no_galactic_cut,0.1834591923499629,0.1832066940365362,0.0002524983134267189,18.403501453315705,18.378172370490333,0.025329082825372495,0.9830273265491146,0.9830744159320813,100.31386935471498,0.7862688700358073,I_STOKES,K_CMB_to_uK,TMASK,COM_CMB_IQU-nilc_2048_R3.00_full.fits
NILC,mask_ge_0.50_abs_b_gt_10deg,0.5,10.0,abs_b_gt_10deg,0.186256120075949,0.18603510425827374,0.0002210158176752519,18.622670273418077,18.60057218238033,0.022098091037747736,0.9825012253092887,0.9825430982830287,99.9842059730675,0.769622802734375,I_STOKES,K_CMB_to_uK,TMASK,COM_CMB_IQU-nilc_2048_R3.00_full.fits
NILC,mask_ge_0.50_abs_b_gt_20deg,0.5,20.0,abs_b_gt_20deg,0.19211133611784947,0.1919348578023769,0.00017647831547257242,19.088791249256246,19.071255804486814,0.017535444769432473,0.9813731372597351,0.9814076677713401,99.36316947765305,0.6443532307942709,I_STOKES,K_CMB_to_uK,TMASK,COM_CMB_IQU-nilc_2048_R3.00_full.fits
NILC,mask_ge_0.50_abs_b_gt_30deg,0.5,30.0,abs_b_gt_30deg,0.19495226725557946,0.1948639958540028,8.827140157666169e-05,19.22725905230754,19.218553243809303,0.008705808498238099,0.9808127311020739,0.9808302723304431,98.62547034193194,0.4964599609375,I_STOKES,K_CMB_to_uK,TMASK,COM_CMB_IQU-nilc_2048_R3.00_full.fits
NILC,mask_ge_0.50_abs_b_gt_40deg,0.5,40.0,abs_b_gt_40deg,0.19117390726751138,0.19114394886679406,2.9958400717317035e-05,18.774745979798244,18.771803834756234,0.002942145042009514,0.9815561813671556,0.981562015774657,98.20768036888303,0.3578033447265625,I_STOKES,K_CMB_to_uK,TMASK,COM_CMB_IQU-nilc_2048_R3.00_full.fits
NILC,mask_ge_0.70_no_galactic_cut,0.7,-1.0,no_galactic_cut,0.18355089553184545,0.18330018366968034,0.0002507118621651039,18.409878304438504,18.384732282358005,0.025146022080498653,0.9830102078561839,0.9830569885142272,100.29849351099708,0.7850456237792969,I_STOKES,K_CMB_to_uK,TMASK,COM_CMB_IQU-nilc_2048_R3.00_full.fits
NILC,mask_ge_0.70_abs_b_gt_10deg,0.7,10.0,abs_b_gt_10deg,0.18627111140938657,0.18605081731089076,0.0002202940984958046,18.622783569921793,18.600759278087285,0.022024291834508603,0.9824983832324162,0.9825401230371967,99.9767673527896,0.7688026428222656,I_STOKES,K_CMB_to_uK,TMASK,COM_CMB_IQU-nilc_2048_R3.00_full.fits
NILC,mask_ge_0.70_abs_b_gt_20deg,0.7,20.0,abs_b_gt_20deg,0.19210845889425637,0.19193289367579625,0.00017556521846012751,19.08776528693666,19.070321246722056,0.017444040214602552,0.9813737004939932,0.9814080518954565,99.35931711077477,0.6440022786458334,I_STOKES,K_CMB_to_uK,TMASK,COM_CMB_IQU-nilc_2048_R3.00_full.fits
NILC,mask_ge_0.70_abs_b_gt_30deg,0.7,30.0,abs_b_gt_30deg,0.19494892526860866,0.1948611459046361,8.777936397255659e-05,19.225583955671336,19.216927280445738,0.00865667522559832,0.9808133953696873,0.9808308385326862,98.61856857729036,0.4963213602701823,I_STOKES,K_CMB_to_uK,TMASK,COM_CMB_IQU-nilc_2048_R3.00_full.fits
NILC,mask_ge_0.70_abs_b_gt_40deg,0.7,40.0,abs_b_gt_40deg,0.1911603762732202,0.191130604006844,2.9772266376182355e-05,18.773436380198575,18.770512511980673,0.002923868217902026,0.9815588166498637,0.9815646143845952,98.20778105901103,0.35778554280598956,I_STOKES,K_CMB_to_uK,TMASK,COM_CMB_IQU-nilc_2048_R3.00_full.fits
NILC,mask_ge_0.80_no_galactic_cut,0.8,-1.0,no_galactic_cut,0.18360166906548644,0.1833519369205347,0.00024973214495174756,18.413908782847283,18.388862469484817,0.02504631336246632,0.9830007258981894,0.9830473372261828,100.29270908359483,0.7843360900878906,I_STOKES,K_CMB_to_uK,TMASK,COM_CMB_IQU-nilc_2048_R3.00_full.fits
NILC,mask_ge_0.80_abs_b_gt_10deg,0.8,10.0,abs_b_gt_10deg,0.18625486063776142,0.18603498599079654,0.00021987464696487935,18.62091479241912,18.59893272412771,0.02198206829141114,0.9825014640644605,0.9825431206758327,99.97545690168101,0.7682940165201823,I_STOKES,K_CMB_to_uK,TMASK,COM_CMB_IQU-nilc_2048_R3.00_full.fits
NILC,mask_ge_0.80_abs_b_gt_20deg,0.8,20.0,abs_b_gt_20deg,0.1921284457786123,0.19195330727703225,0.00017513850158004662,19.08961869913518,19.072217177974938,0.01740152116024163,0.9813697877572423,0.9814040594094817,99.35862761900421,0.6437759399414062,I_STOKES,K_CMB_to_uK,TMASK,COM_CMB_IQU-nilc_2048_R3.00_full.fits
NILC,mask_ge_0.80_abs_b_gt_30deg,0.8,30.0,abs_b_gt_30deg,0.19493110595414523,0.1948434099650851,8.769598906013809e-05,19.223779390716167,19.21513095906186,0.008648431654307842,0.9808169370129647,0.9808343619557676,98.61832618565396,0.49622217814127606,I_STOKES,K_CMB_to_uK,TMASK,COM_CMB_IQU-nilc_2048_R3.00_full.fits
NILC,mask_ge_0.80_abs_b_gt_40deg,0.8,40.0,abs_b_gt_40deg,0.19115561815479049,0.1911259563170263,2.9661837764177745e-05,18.77312210426384,18.770209057252412,0.0029130470114289153,0.9815597432901678,0.9815655193729567,98.2085814975215,0.3577728271484375,I_STOKES,K_CMB_to_uK,TMASK,COM_CMB_IQU-nilc_2048_R3.00_full.fits
NILC,mask_ge_0.90_no_galactic_cut,0.9,-1.0,no_galactic_cut,0.18366277381751045,0.18341400462967872,0.0002487691878317322,18.419386591344104,18.394437736726235,0.02494885461786822,0.9829893109864715,0.9830357587116068,100.28916697972682,0.7835426330566406,I_STOKES,K_CMB_to_uK,TMASK,COM_CMB_IQU-nilc_2048_R3.00_full.fits
NILC,mask_ge_0.90_abs_b_gt_10deg,0.9,10.0,abs_b_gt_10deg,0.18626044505772082,0.18604107389820185,0.00021937115951897734,18.621688293441196,18.599756308086672,0.021931985354523675,0.9825004053978298,0.9825419679702256,99.97661225211002,0.7677357991536459,I_STOKES,K_CMB_to_uK,TMASK,COM_CMB_IQU-nilc_2048_R3.00_full.fits
NILC,mask_ge_0.90_abs_b_gt_20deg,0.9,20.0,abs_b_gt_20deg,0.19215618725581132,0.19198187539498912,0.00017431186082220163,19.092647197686677,19.075327563546455,0.01731963414022175,0.981364356240489,0.9813984713253956,99.36004388070654,0.6435038248697916,I_STOKES,K_CMB_to_uK,TMASK,COM_CMB_IQU-nilc_2048_R3.00_full.fits
NILC,mask_ge_0.90_abs_b_gt_30deg,0.9,30.0,abs_b_gt_30deg,0.19493299704025788,0.1948454989507567,8.749808950117566e-05,19.224561827760233,19.215932645133556,0.008629182626677334,0.9808165611697748,0.9808339469750373,98.62138334532428,0.4961077372233073,I_STOKES,K_CMB_to_uK,TMASK,COM_CMB_IQU-nilc_2048_R3.00_full.fits
NILC,mask_ge_0.90_abs_b_gt_40deg,0.9,40.0,abs_b_gt_40deg,0.1911491718503362,0.19111965732980943,2.951452052676884e-05,18.772582677809794,18.769684084154267,0.0028985936555265823,0.9815609986653557,0.9815667458620102,98.20907146021086,0.3577562967936198,I_STOKES,K_CMB_to_uK,TMASK,COM_CMB_IQU-nilc_2048_R3.00_full.fits
NILC,mask_ge_0.95_no_galactic_cut,0.95,-1.0,no_galactic_cut,0.18362925529777333,0.18338166260507932,0.0002475926926940042,18.414705666629906,18.389876580688373,0.024829085941533435,0.9829955730311228,0.9830417925094523,100.2819819574425,0.7829602559407552,I_STOKES,K_CMB_to_uK,TMASK,COM_CMB_IQU-nilc_2048_R3.00_full.fits
NILC,mask_ge_0.95_abs_b_gt_10deg,0.95,10.0,abs_b_gt_10deg,0.18625724673139857,0.18603886627335828,0.00021838045804029038,18.621060381123794,18.5992278040478,0.021832577075993953,0.9825010117246898,0.9825423859741236,99.974957795748,0.7673136393229166,I_STOKES,K_CMB_to_uK,TMASK,COM_CMB_IQU-nilc_2048_R3.00_full.fits
NILC,mask_ge_0.95_abs_b_gt_20deg,0.95,20.0,abs_b_gt_20deg,0.1921951981019663,0.19202169118045004,0.0001735069215162699,19.095724532005338,19.078485597784343,0.01723893422099465,0.9813567169111067,0.9813906816941966,99.35588776715632,0.6433054606119791,I_STOKES,K_CMB_to_uK,TMASK,COM_CMB_IQU-nilc_2048_R3.00_full.fits
NILC,mask_ge_0.95_abs_b_gt_30deg,0.95,30.0,abs_b_gt_30deg,0.19494957311469613,0.19486237031454565,8.72028001504821e-05,19.225567638462515,19.216967859013035,0.008599779449479428,0.9808132666019551,0.9808305952790201,98.6181571536522,0.4960072835286458,I_STOKES,K_CMB_to_uK,TMASK,COM_CMB_IQU-nilc_2048_R3.00_full.fits
NILC,mask_ge_0.95_abs_b_gt_40deg,0.95,40.0,abs_b_gt_40deg,0.19113435575124474,0.1911049856257481,2.937012549664164e-05,18.77119923144502,18.76831480768466,0.002884423760360022,0.9815638838361754,0.9815696024577076,98.20944621737777,0.3577435811360677,I_STOKES,K_CMB_to_uK,TMASK,COM_CMB_IQU-nilc_2048_R3.00_full.fits
NILC,mask_ge_0.99_no_galactic_cut,0.99,-1.0,no_galactic_cut,0.1837367845758635,0.1834905116536511,0.0002462729222124094,18.423495356863608,18.398801292202712,0.02469406466089552,0.9829754798537566,0.9830214810130454,100.27113187700685,0.7820383707682291,I_STOKES,K_CMB_to_uK,TMASK,COM_CMB_IQU-nilc_2048_R3.00_full.fits
NILC,mask_ge_0.99_abs_b_gt_10deg,0.99,10.0,abs_b_gt_10deg,0.18629657425209942,0.18607875044213346,0.0002178238099659613,18.624183887833535,18.602407906668873,0.021775981164662284,0.9824935554098723,0.9825348332928936,99.97061922690537,0.7666524251302084,I_STOKES,K_CMB_to_uK,TMASK,COM_CMB_IQU-nilc_2048_R3.00_full.fits
NILC,mask_ge_0.99_abs_b_gt_20deg,0.99,20.0,abs_b_gt_20deg,0.19231805895932755,0.19214510473335925,0.00017295422596830257,19.10731878989042,19.090135320228146,0.017183469662274575,0.9813326470662823,0.9813665261903967,99.3527019422099,0.6430040995279948,I_STOKES,K_CMB_to_uK,TMASK,COM_CMB_IQU-nilc_2048_R3.00_full.fits
NILC,mask_ge_0.99_abs_b_gt_30deg,0.99,30.0,abs_b_gt_30deg,0.19498191855116065,0.19489505628394246,8.686226721818513e-05,19.228299148664867,19.219733156129696,0.008565992535171318,0.9808068369654183,0.9808241009661615,98.61580648884434,0.49588902791341144,I_STOKES,K_CMB_to_uK,TMASK,COM_CMB_IQU-nilc_2048_R3.00_full.fits
NILC,mask_ge_0.99_abs_b_gt_40deg,0.99,40.0,abs_b_gt_40deg,0.1911337349595131,0.19110455115510383,2.918380440927737e-05,18.771347718557656,18.768481561306906,0.002866157250750234,0.9815640047192168,0.9815696870461141,98.21054207167508,0.35772069295247394,I_STOKES,K_CMB_to_uK,TMASK,COM_CMB_IQU-nilc_2048_R3.00_full.fits
SEVEM,mask_ge_0.50_no_galactic_cut,0.5,-1.0,no_galactic_cut,0.1825220535343785,0.18231175074091177,0.0002103027934667323,18.348701596299378,18.32756013351465,0.021141462784729725,0.9832017595456151,0.9832407769929925,100.5286826495372,0.8378855387369791,I_STOKES,K_CMB_to_uK,TMASK,COM_CMB_IQU-sevem_2048_R3.00_full.fits
SEVEM,mask_ge_0.50_abs_b_gt_10deg,0.5,10.0,abs_b_gt_10deg,0.18647067794450692,0.18629092578805007,0.00017975215645685272,18.665656136850398,18.64766300259859,0.01799313425180671,0.9824605265693459,0.9824946264326493,100.09968506901251,0.7909393310546875,I_STOKES,K_CMB_to_uK,TMASK,COM_CMB_IQU-sevem_2048_R3.00_full.fits
SEVEM,mask_ge_0.50_abs_b_gt_20deg,0.5,20.0,abs_b_gt_20deg,0.19377024063045128,0.1936142894901293,0.00015595114032199153,19.274418902010023,19.258906367179947,0.015512534830076419,0.9810469376365316,0.9810777272495959,99.47048029304568,0.6464653015136719,I_STOKES,K_CMB_to_uK,TMASK,COM_CMB_IQU-sevem_2048_R3.00_full.fits
SEVEM,mask_ge_0.50_abs_b_gt_30deg,0.5,30.0,abs_b_gt_30deg,0.1961142911888357,0.19604607760163942,6.821358719627524e-05,19.367800337486678,19.361063719114235,0.006736618372443104,0.9805810444789866,0.9805946845955326,98.75772040925715,0.4966697692871094,I_STOKES,K_CMB_to_uK,TMASK,COM_CMB_IQU-sevem_2048_R3.00_full.fits
SEVEM,mask_ge_0.50_abs_b_gt_40deg,0.5,40.0,abs_b_gt_40deg,0.1926864282406864,0.19266448735926137,2.1940881425042136e-05,18.94739574854945,18.945238240274332,0.0021575082751184027,0.9812603835740272,0.9812646917680231,98.33279863842866,0.3572133382161458,I_STOKES,K_CMB_to_uK,TMASK,COM_CMB_IQU-sevem_2048_R3.00_full.fits
SEVEM,mask_ge_0.70_no_galactic_cut,0.7,-1.0,no_galactic_cut,0.18252280981434185,0.18231252302119572,0.00021028679314613608,18.34879750188573,18.327657624690744,0.021139877194986667,0.9832016191491335,0.9832406337970608,100.52879155514711,0.8378829956054688,I_STOKES,K_CMB_to_uK,TMASK,COM_CMB_IQU-sevem_2048_R3.00_full.fits
SEVEM,mask_ge_0.70_abs_b_gt_10deg,0.7,10.0,abs_b_gt_10deg,0.18647067794450692,0.18629092578805007,0.00017975215645685272,18.665656136850398,18.64766300259859,0.01799313425180671,0.9824605265693459,0.9824946264326493,100.09968506901251,0.7909393310546875,I_STOKES,K_CMB_to_uK,TMASK,COM_CMB_IQU-sevem_2048_R3.00_full.fits
SEVEM,mask_ge_0.70_abs_b_gt_20deg,0.7,20.0,abs_b_gt_20deg,0.19377024063045128,0.1936142894901293,0.00015595114032199153,19.274418902010023,19.258906367179947,0.015512534830076419,0.9810469376365316,0.9810777272495959,99.47048029304568,0.6464653015136719,I_STOKES,K_CMB_to_uK,TMASK,COM_CMB_IQU-sevem_2048_R3.00_full.fits
SEVEM,mask_ge_0.70_abs_b_gt_30deg,0.7,30.0,abs_b_gt_30deg,0.1961142911888357,0.19604607760163942,6.821358719627524e-05,19.367800337486678,19.361063719114235,0.006736618372443104,0.9805810444789866,0.9805946845955326,98.75772040925715,0.4966697692871094,I_STOKES,K_CMB_to_uK,TMASK,COM_CMB_IQU-sevem_2048_R3.00_full.fits
SEVEM,mask_ge_0.70_abs_b_gt_40deg,0.7,40.0,abs_b_gt_40deg,0.1926864282406864,0.19266448735926137,2.1940881425042136e-05,18.94739574854945,18.945238240274332,0.0021575082751184027,0.9812603835740272,0.9812646917680231,98.33279863842866,0.3572133382161458,I_STOKES,K_CMB_to_uK,TMASK,COM_CMB_IQU-sevem_2048_R3.00_full.fits
SEVEM,mask_ge_0.80_no_galactic_cut,0.8,-1.0,no_galactic_cut,0.18252280981434185,0.18231252302119572,0.00021028679314613608,18.34879750188573,18.327657624690744,0.021139877194986667,0.9832016191491335,0.9832406337970608,100.52879155514711,0.8378829956054688,I_STOKES,K_CMB_to_uK,TMASK,COM_CMB_IQU-sevem_2048_R3.00_full.fits
SEVEM,mask_ge_0.80_abs_b_gt_10deg,0.8,10.0,abs_b_gt_10deg,0.18647067794450692,0.18629092578805007,0.00017975215645685272,18.665656136850398,18.64766300259859,0.01799313425180671,0.9824605265693459,0.9824946264326493,100.09968506901251,0.7909393310546875,I_STOKES,K_CMB_to_uK,TMASK,COM_CMB_IQU-sevem_2048_R3.00_full.fits
SEVEM,mask_ge_0.80_abs_b_gt_20deg,0.8,20.0,abs_b_gt_20deg,0.19377024063045128,0.1936142894901293,0.00015595114032199153,19.274418902010023,19.258906367179947,0.015512534830076419,0.9810469376365316,0.9810777272495959,99.47048029304568,0.6464653015136719,I_STOKES,K_CMB_to_uK,TMASK,COM_CMB_IQU-sevem_2048_R3.00_full.fits
SEVEM,mask_ge_0.80_abs_b_gt_30deg,0.8,30.0,abs_b_gt_30deg,0.1961142911888357,0.19604607760163942,6.821358719627524e-05,19.367800337486678,19.361063719114235,0.006736618372443104,0.9805810444789866,0.9805946845955326,98.75772040925715,0.4966697692871094,I_STOKES,K_CMB_to_uK,TMASK,COM_CMB_IQU-sevem_2048_R3.00_full.fits
SEVEM,mask_ge_0.80_abs_b_gt_40deg,0.8,40.0,abs_b_gt_40deg,0.1926864282406864,0.19266448735926137,2.1940881425042136e-05,18.94739574854945,18.945238240274332,0.0021575082751184027,0.9812603835740272,0.9812646917680231,98.33279863842866,0.3572133382161458,I_STOKES,K_CMB_to_uK,TMASK,COM_CMB_IQU-sevem_2048_R3.00_full.fits
SEVEM,mask_ge_0.90_no_galactic_cut,0.9,-1.0,no_galactic_cut,0.18252128301174775,0.1823110286318246,0.00021025437992314155,18.348640285479544,18.32750367104205,0.021136614437494927,0.9832019025854992,0.9832409108856315,100.52877112582294,0.8378804524739584,I_STOKES,K_CMB_to_uK,TMASK,COM_CMB_IQU-sevem_2048_R3.00_full.fits
SEVEM,mask_ge_0.90_abs_b_gt_10deg,0.9,10.0,abs_b_gt_10deg,0.18647067794450692,0.18629092578805007,0.00017975215645685272,18.665656136850398,18.64766300259859,0.01799313425180671,0.9824605265693459,0.9824946264326493,100.09968506901251,0.7909393310546875,I_STOKES,K_CMB_to_uK,TMASK,COM_CMB_IQU-sevem_2048_R3.00_full.fits
SEVEM,mask_ge_0.90_abs_b_gt_20deg,0.9,20.0,abs_b_gt_20deg,0.19377024063045128,0.1936142894901293,0.00015595114032199153,19.274418902010023,19.258906367179947,0.015512534830076419,0.9810469376365316,0.9810777272495959,99.47048029304568,0.6464653015136719,I_STOKES,K_CMB_to_uK,TMASK,COM_CMB_IQU-sevem_2048_R3.00_full.fits
SEVEM,mask_ge_0.90_abs_b_gt_30deg,0.9,30.0,abs_b_gt_30deg,0.1961142911888357,0.19604607760163942,6.821358719627524e-05,19.367800337486678,19.361063719114235,0.006736618372443104,0.9805810444789866,0.9805946845955326,98.75772040925715,0.4966697692871094,I_STOKES,K_CMB_to_uK,TMASK,COM_CMB_IQU-sevem_2048_R3.00_full.fits
SEVEM,mask_ge_0.90_abs_b_gt_40deg,0.9,40.0,abs_b_gt_40deg,0.1926864282406864,0.19266448735926137,2.1940881425042136e-05,18.94739574854945,18.945238240274332,0.0021575082751184027,0.9812603835740272,0.9812646917680231,98.33279863842866,0.3572133382161458,I_STOKES,K_CMB_to_uK,TMASK,COM_CMB_IQU-sevem_2048_R3.00_full.fits
SEVEM,mask_ge_0.95_no_galactic_cut,0.95,-1.0,no_galactic_cut,0.18252128301174775,0.1823110286318246,0.00021025437992314155,18.348640285479544,18.32750367104205,0.021136614437494927,0.9832019025854992,0.9832409108856315,100.52877112582294,0.8378804524739584,I_STOKES,K_CMB_to_uK,TMASK,COM_CMB_IQU-sevem_2048_R3.00_full.fits
SEVEM,mask_ge_0.95_abs_b_gt_10deg,0.95,10.0,abs_b_gt_10deg,0.18647067794450692,0.18629092578805007,0.00017975215645685272,18.665656136850398,18.64766300259859,0.01799313425180671,0.9824605265693459,0.9824946264326493,100.09968506901251,0.7909393310546875,I_STOKES,K_CMB_to_uK,TMASK,COM_CMB_IQU-sevem_2048_R3.00_full.fits
SEVEM,mask_ge_0.95_abs_b_gt_20deg,0.95,20.0,abs_b_gt_20deg,0.19377024063045128,0.1936142894901293,0.00015595114032199153,19.274418902010023,19.258906367179947,0.015512534830076419,0.9810469376365316,0.9810777272495959,99.47048029304568,0.6464653015136719,I_STOKES,K_CMB_to_uK,TMASK,COM_CMB_IQU-sevem_2048_R3.00_full.fits
SEVEM,mask_ge_0.95_abs_b_gt_30deg,0.95,30.0,abs_b_gt_30deg,0.1961142911888357,0.19604607760163942,6.821358719627524e-05,19.367800337486678,19.361063719114235,0.006736618372443104,0.9805810444789866,0.9805946845955326,98.75772040925715,0.4966697692871094,I_STOKES,K_CMB_to_uK,TMASK,COM_CMB_IQU-sevem_2048_R3.00_full.fits
SEVEM,mask_ge_0.95_abs_b_gt_40deg,0.95,40.0,abs_b_gt_40deg,0.1926864282406864,0.19266448735926137,2.1940881425042136e-05,18.94739574854945,18.945238240274332,0.0021575082751184027,0.9812603835740272,0.9812646917680231,98.33279863842866,0.3572133382161458,I_STOKES,K_CMB_to_uK,TMASK,COM_CMB_IQU-sevem_2048_R3.00_full.fits
SEVEM,mask_ge_0.99_no_galactic_cut,0.99,-1.0,no_galactic_cut,0.18251413562258317,0.1823039527831837,0.0002101828393994698,18.347829389862127,18.326700073687118,0.021129316175009905,0.9832032293976364,0.9832422228523482,100.52826498766751,0.8378740946451823,I_STOKES,K_CMB_to_uK,TMASK,COM_CMB_IQU-sevem_2048_R3.00_full.fits
SEVEM,mask_ge_0.99_abs_b_gt_10deg,0.99,10.0,abs_b_gt_10deg,0.18647067794450692,0.18629092578805007,0.00017975215645685272,18.665656136850398,18.64766300259859,0.01799313425180671,0.9824605265693459,0.9824946264326493,100.09968506901251,0.7909393310546875,I_STOKES,K_CMB_to_uK,TMASK,COM_CMB_IQU-sevem_2048_R3.00_full.fits
SEVEM,mask_ge_0.99_abs_b_gt_20deg,0.99,20.0,abs_b_gt_20deg,0.19377024063045128,0.1936142894901293,0.00015595114032199153,19.274418902010023,19.258906367179947,0.015512534830076419,0.9810469376365316,0.9810777272495959,99.47048029304568,0.6464653015136719,I_STOKES,K_CMB_to_uK,TMASK,COM_CMB_IQU-sevem_2048_R3.00_full.fits
SEVEM,mask_ge_0.99_abs_b_gt_30deg,0.99,30.0,abs_b_gt_30deg,0.1961142911888357,0.19604607760163942,6.821358719627524e-05,19.367800337486678,19.361063719114235,0.006736618372443104,0.9805810444789866,0.9805946845955326,98.75772040925715,0.4966697692871094,I_STOKES,K_CMB_to_uK,TMASK,COM_CMB_IQU-sevem_2048_R3.00_full.fits
SEVEM,mask_ge_0.99_abs_b_gt_40deg,0.99,40.0,abs_b_gt_40deg,0.1926864282406864,0.19266448735926137,2.1940881425042136e-05,18.94739574854945,18.945238240274332,0.0021575082751184027,0.9812603835740272,0.9812646917680231,98.33279863842866,0.3572133382161458,I_STOKES,K_CMB_to_uK,TMASK,COM_CMB_IQU-sevem_2048_R3.00_full.fits
COMMANDER,mask_ge_0.50_no_galactic_cut,0.5,-1.0,no_galactic_cut,0.1801047275776984,0.17986764433117122,0.0002370832465271866,18.1696936170387,18.145775699896443,0.02391791714225633,0.983647440450166,0.9836908205949444,100.88404597375252,0.8879966735839844,I_STOKES,K_CMB_to_uK,TMASK,COM_CMB_IQU-commander_2048_R3.00_full.fits
COMMANDER,mask_ge_0.50_abs_b_gt_10deg,0.5,10.0,abs_b_gt_10deg,0.18523156697566812,0.1850546421321166,0.00017692484355152915,18.56123850689842,18.54350964851551,0.017728858382909607,0.9826949000558306,0.9827282327405447,100.20559027790662,0.8131891886393229,I_STOKES,K_CMB_to_uK,TMASK,COM_CMB_IQU-commander_2048_R3.00_full.fits
COMMANDER,mask_ge_0.50_abs_b_gt_20deg,0.5,20.0,abs_b_gt_20deg,0.19282180567716609,0.1926600879426306,0.00016171773453549365,19.19410714187896,19.178009234733473,0.01609790714548609,0.9812337903147226,0.9812655555525924,99.54323928495356,0.6550153096516927,I_STOKES,K_CMB_to_uK,TMASK,COM_CMB_IQU-commander_2048_R3.00_full.fits
COMMANDER,mask_ge_0.50_abs_b_gt_30deg,0.5,30.0,abs_b_gt_30deg,0.1961624157358292,0.196080239090655,8.217664517420897e-05,19.400568083237154,19.392440768972726,0.00812731426442781,0.9805714184355384,0.980587854217128,98.90053612188272,0.4991658528645833,I_STOKES,K_CMB_to_uK,TMASK,COM_CMB_IQU-commander_2048_R3.00_full.fits
COMMANDER,mask_ge_0.50_abs_b_gt_40deg,0.5,40.0,abs_b_gt_40deg,0.1921674535576445,0.19214225259794288,2.5200959701626724e-05,18.91371987588882,18.911239518869063,0.002480357019756241,0.9813621501735076,0.9813670846154298,98.42311757654252,0.35765838623046875,I_STOKES,K_CMB_to_uK,TMASK,COM_CMB_IQU-commander_2048_R3.00_full.fits
COMMANDER,mask_ge_0.70_no_galactic_cut,0.7,-1.0,no_galactic_cut,0.18001962958153872,0.1797855946380629,0.00023403494347581932,18.15931492158083,18.13570686144255,0.02360806013827954,0.9836630179920997,0.9837058198265567,100.87408225310055,0.8855260213216146,I_STOKES,K_CMB_to_uK,TMASK,COM_CMB_IQU-commander_2048_R3.00_full.fits
COMMANDER,mask_ge_0.70_abs_b_gt_10deg,0.7,10.0,abs_b_gt_10deg,0.18524435970452366,0.1850686107900314,0.00017574891449226304,18.561865645360925,18.54425524284542,0.01761040251550483,0.9826924886238123,0.9827256022411586,100.20205567914867,0.812066396077474,I_STOKES,K_CMB_to_uK,TMASK,COM_CMB_IQU-commander_2048_R3.00_full.fits
COMMANDER,mask_ge_0.70_abs_b_gt_20deg,0.7,20.0,abs_b_gt_20deg,0.1928125469181608,0.19265210600279972,0.0001604409153610764,19.19318004320456,19.177209239312173,0.015970803892386698,0.9812356097038735,0.98126712268,99.5432110097643,0.6547228495279948,I_STOKES,K_CMB_to_uK,TMASK,COM_CMB_IQU-commander_2048_R3.00_full.fits
COMMANDER,mask_ge_0.70_abs_b_gt_30deg,0.7,30.0,abs_b_gt_30deg,0.19613897309777972,0.19605784345496202,8.112964281770108e-05,19.39750939503114,19.38948593603206,0.00802345899908019,0.980576107822411,0.9805923322256755,98.89676227355918,0.4990832010904948,I_STOKES,K_CMB_to_uK,TMASK,COM_CMB_IQU-commander_2048_R3.00_full.fits
COMMANDER,mask_ge_0.70_abs_b_gt_40deg,0.7,40.0,abs_b_gt_40deg,0.19215633081305905,0.19213135691085498,2.4973902204072917e-05,18.9129737889456,18.91051573432,0.0024580546255990043,0.981364328131231,0.9813692178235438,98.4249319755447,0.3576342264811198,I_STOKES,K_CMB_to_uK,TMASK,COM_CMB_IQU-commander_2048_R3.00_full.fits
COMMANDER,mask_ge_0.80_no_galactic_cut,0.8,-1.0,no_galactic_cut,0.1799227397964084,0.1796896069324314,0.00023313286397699806,18.146173573046628,18.12266087298384,0.023512700062788383,0.9836807448070506,0.9837233580435448,100.85536488372693,0.884131113688151,I_STOKES,K_CMB_to_uK,TMASK,COM_CMB_IQU-commander_2048_R3.00_full.fits
COMMANDER,mask_ge_0.80_abs_b_gt_10deg,0.8,10.0,abs_b_gt_10deg,0.18518799532235736,0.1850119765652344,0.00017601875712294768,18.553382412814532,18.53574766652849,0.017634746286042002,0.9827031120274762,0.9827362660080401,100.18674472132277,0.811407725016276,I_STOKES,K_CMB_to_uK,TMASK,COM_CMB_IQU-commander_2048_R3.00_full.fits
COMMANDER,mask_ge_0.80_abs_b_gt_20deg,0.8,20.0,abs_b_gt_20deg,0.19279476615992494,0.19263471873794458,0.0001600474219803638,19.19154438869455,19.175612642909062,0.01593174578548684,0.9812391034510092,0.9812705361605193,99.5439076015943,0.6545422871907552,I_STOKES,K_CMB_to_uK,TMASK,COM_CMB_IQU-commander_2048_R3.00_full.fits
COMMANDER,mask_ge_0.80_abs_b_gt_30deg,0.8,30.0,abs_b_gt_30deg,0.19607663792527347,0.19599612789062415,8.051003464931705e-05,19.39102990285701,19.38306785033569,0.007962052521321539,0.9805885743062283,0.9806046695034051,98.8951570571457,0.4990374247233073,I_STOKES,K_CMB_to_uK,TMASK,COM_CMB_IQU-commander_2048_R3.00_full.fits
COMMANDER,mask_ge_0.80_abs_b_gt_40deg,0.8,40.0,abs_b_gt_40deg,0.1921086295290795,0.1920838728336293,2.4756695450212085e-05,18.908225783371538,18.90578911413721,0.0024366692343278373,0.9813736670914185,0.9813785130097532,98.42465603820987,0.35761769612630206,I_STOKES,K_CMB_to_uK,TMASK,COM_CMB_IQU-commander_2048_R3.00_full.fits
COMMANDER,mask_ge_0.90_no_galactic_cut,0.9,-1.0,no_galactic_cut,0.17983140005971449,0.17959922339557882,0.00023217666413566374,18.13493966908664,18.111526017214544,0.02341365187209732,0.9836974471617597,0.9837398634576647,100.8441221225258,0.882696787516276,I_STOKES,K_CMB_to_uK,TMASK,COM_CMB_IQU-commander_2048_R3.00_full.fits
COMMANDER,mask_ge_0.90_abs_b_gt_10deg,0.9,10.0,abs_b_gt_10deg,0.18513638181751677,0.18496050349996193,0.00017587831755483396,18.547253354794254,18.529633588850466,0.017619765943788224,0.9827128370625463,0.9827459550387578,100.18156978500159,0.810675303141276,I_STOKES,K_CMB_to_uK,TMASK,COM_CMB_IQU-commander_2048_R3.00_full.fits
COMMANDER,mask_ge_0.90_abs_b_gt_20deg,0.9,20.0,abs_b_gt_20deg,0.19275513041140746,0.19259553549720002,0.00015959491420744487,19.18630816200018,19.170422529288167,0.015885632712013376,0.9812468902881075,0.9812782274699398,99.5372113886143,0.6543248494466146,I_STOKES,K_CMB_to_uK,TMASK,COM_CMB_IQU-commander_2048_R3.00_full.fits
COMMANDER,mask_ge_0.90_abs_b_gt_30deg,0.9,30.0,abs_b_gt_30deg,0.19601403246025437,0.19593374666795607,8.02857922982958e-05,19.383090430496555,19.375151270463626,0.007939160032929493,0.9806010906982872,0.980617135744964,98.88623884326675,0.4989636739095052,I_STOKES,K_CMB_to_uK,TMASK,COM_CMB_IQU-commander_2048_R3.00_full.fits
COMMANDER,mask_ge_0.90_abs_b_gt_40deg,0.9,40.0,abs_b_gt_40deg,0.19206734298448397,0.19204165266679418,2.5690317689786024e-05,18.90218784768994,18.899659551086817,0.002528296603124147,0.9813817482299538,0.9813867757622406,98.41437671794597,0.3575884501139323,I_STOKES,K_CMB_to_uK,TMASK,COM_CMB_IQU-commander_2048_R3.00_full.fits
COMMANDER,mask_ge_0.95_no_galactic_cut,0.95,-1.0,no_galactic_cut,0.17980842309482226,0.17957705360504025,0.00023136948978200178,18.13146416562657,18.108133403136154,0.0233307624904171,0.983701647342401,0.9837439106894297,100.83767964565773,0.8817418416341146,I_STOKES,K_CMB_to_uK,TMASK,COM_CMB_IQU-commander_2048_R3.00_full.fits
COMMANDER,mask_ge_0.95_abs_b_gt_10deg,0.95,10.0,abs_b_gt_10deg,0.1851634063059283,0.18498786713613932,0.00017553916978899076,18.549195698224157,18.531610633885148,0.017585064339009193,0.9827077454488621,0.9827408045931653,100.17743823300076,0.8102277119954427,I_STOKES,K_CMB_to_uK,TMASK,COM_CMB_IQU-commander_2048_R3.00_full.fits
COMMANDER,mask_ge_0.95_abs_b_gt_20deg,0.95,20.0,abs_b_gt_20deg,0.1927688307246352,0.19260958489920202,0.00015924582543316856,19.186901856867312,19.17105160757018,0.01585024929713086,0.9812441989133271,0.981275469888531,99.53321698711375,0.6541926066080729,I_STOKES,K_CMB_to_uK,TMASK,COM_CMB_IQU-commander_2048_R3.00_full.fits
COMMANDER,mask_ge_0.95_abs_b_gt_30deg,0.95,30.0,abs_b_gt_30deg,0.19599428955303727,0.19591437651349952,7.991303953774898e-05,19.381056647533597,19.373154380841594,0.007902266692003224,0.9806050369351568,0.9806210058301458,98.88582311113183,0.49892934163411456,I_STOKES,K_CMB_to_uK,TMASK,COM_CMB_IQU-commander_2048_R3.00_full.fits
COMMANDER,mask_ge_0.95_abs_b_gt_40deg,0.95,40.0,abs_b_gt_40deg,0.19204553724700496,0.1920200919349589,2.544531204606848e-05,18.90000290243921,18.897498723074158,0.0025041793650508737,0.9813860156042112,0.9813909946057636,98.41417391610834,0.3575706481933594,I_STOKES,K_CMB_to_uK,TMASK,COM_CMB_IQU-commander_2048_R3.00_full.fits
COMMANDER,mask_ge_0.99_no_galactic_cut,0.99,-1.0,no_galactic_cut,0.17970754645676174,0.1794773383095084,0.00023020814725333016,18.118270795647938,18.09506101045228,0.023209785195657417,0.9837200809917884,0.9837621079475131,100.82086786492997,0.8803787231445312,I_STOKES,K_CMB_to_uK,TMASK,COM_CMB_IQU-commander_2048_R3.00_full.fits
COMMANDER,mask_ge_0.99_abs_b_gt_10deg,0.99,10.0,abs_b_gt_10deg,0.18509197779503728,0.18491665116427253,0.00017532663076474941,18.540082788916,18.52252087030557,0.017561918610429217,0.982721201438089,0.9827542073795414,100.16686303631415,0.8096110026041666,I_STOKES,K_CMB_to_uK,TMASK,COM_CMB_IQU-commander_2048_R3.00_full.fits
COMMANDER,mask_ge_0.99_abs_b_gt_20deg,0.99,20.0,abs_b_gt_20deg,0.19272848487114402,0.19256995797365803,0.00015852689748599436,19.182422369867666,19.166644059222023,0.0157783106456435,0.9812521241349104,0.9812832472258067,99.53081083314076,0.6540209452311198,I_STOKES,K_CMB_to_uK,TMASK,COM_CMB_IQU-commander_2048_R3.00_full.fits
COMMANDER,mask_ge_0.99_abs_b_gt_30deg,0.99,30.0,abs_b_gt_30deg,0.1959597582170389,0.19588048017078366,7.927804625523782e-05,19.377451370962977,19.369611973220945,0.007839397742031906,0.9806119381077919,0.9806277772366351,98.884850375765,0.49887720743815106,I_STOKES,K_CMB_to_uK,TMASK,COM_CMB_IQU-commander_2048_R3.00_full.fits
COMMANDER,mask_ge_0.99_abs_b_gt_40deg,0.99,40.0,abs_b_gt_40deg,0.19203631161398024,0.19201097876461143,2.5332849368814303e-05,18.89911136077945,18.896618247173574,0.0024931136058761183,0.9813878209055267,0.9813927776552342,98.41425927180532,0.35755284627278644,I_STOKES,K_CMB_to_uK,TMASK,COM_CMB_IQU-commander_2048_R3.00_full.fits
