model,family,description,mean_rank,median_rank,best_rank,worst_rank,mean_residual_fraction,std_residual_fraction,mean_residual_rms_uK,std_residual_rms_uK,mean_corr,n_components,n_rows
observed_self_spectrum_control,data_control,Observed self-spectrum upper control,1.0,1.0,1,1,0.11436625839518873,0.0005842716397169104,11.502844077659415,0.07497084240021659,0.9934385145596416,5,5
planck_tilt_plus_2p0pct,planck_perturbation,Planck endpoint-normalized tilt perturbation plus 2.0 percent,2.0,2.0,2,2,0.1808422083264527,0.0015694518668129837,18.188581708823286,0.120444429172788,0.9835110870567482,5,5
planck_tilt_plus_1p0pct,planck_perturbation,Planck endpoint-normalized tilt perturbation plus 1.0 percent,3.0,3.0,3,3,0.18103703688328113,0.0015816152089796597,18.20817572496925,0.12171699558150127,0.9834752269918363,5,5
cptg_tilt_plus_2p0pct,cptg_perturbation,CPTG endpoint-normalized tilt perturbation plus 2.0 percent,4.2,4.0,4,5,0.18110771254354702,0.0015690197078971485,18.215285421226675,0.12027168128124832,0.983462231124218,5,5
planck_tilt_plus_0p5pct,planck_perturbation,Planck endpoint-normalized tilt perturbation plus 0.5 percent,4.8,5.0,4,5,0.1811416632555048,0.001587677592468655,18.2186981349645,0.1223524347734494,0.983455953610344,5,5
planck_ripple_minus_1p0pct,planck_perturbation,Planck sinusoidal ripple perturbation minus 1.0 percent,6.4,6.0,6,7,0.18119189412392475,0.001587057573162967,18.22375049626843,0.12230141083508501,0.9834467011241059,5,5
planck_ripple_minus_2p0pct,planck_perturbation,Planck sinusoidal ripple perturbation minus 2.0 percent,6.6,7.0,6,7,0.18119311614620312,0.0015799015710784687,18.223874446491042,0.12155460118505002,0.9834464855052978,5,5
planck_ripple_minus_0p5pct,planck_perturbation,Planck sinusoidal ripple perturbation minus 0.5 percent,8.0,8.0,8,8,0.18121394868422405,0.0015904531232404195,18.225968222200514,0.12265194678039253,0.9834426329528181,5,5
planck2018_baseline_lcdm,benchmark,Planck 2018 baseline LCDM TT envelope,9.2,9.0,9,10,0.18125107585215178,0.0015937257654931745,18.229701949756365,0.12298710811321346,0.9834357865977195,5,5
cptg_tilt_plus_1p0pct,cptg_perturbation,CPTG endpoint-normalized tilt perturbation plus 1.0 percent,10.0,10.0,9,11,0.181286712226508,0.001581089729851631,18.23328737749792,0.12153327481793383,0.9834292348597256,5,5
planck_ripple_plus_0p5pct,planck_perturbation,Planck sinusoidal ripple perturbation plus 0.5 percent,10.8,11.0,10,11,0.18130324385019303,0.0015968746756781999,18.234948482867196,0.12330681305856557,0.9834261661542104,5,5
planck_tilt_minus_0p5pct,planck_perturbation,Planck endpoint-normalized tilt perturbation minus 0.5 percent,12.6,12.0,12,14,0.18136525808512008,0.00159975874081928,18.24118550090589,0.12362086830402469,0.9834147273622158,5,5
planck_ripple_plus_1p0pct,planck_perturbation,Planck sinusoidal ripple perturbation plus 1.0 percent,12.8,13.0,12,13,0.18137041817366412,0.0015998991346762009,18.241704351154592,0.12361099161779522,0.9834137755128005,5,5
cptg_tilt_plus_0p5pct,cptg_perturbation,CPTG endpoint-normalized tilt perturbation plus 0.5 percent,13.6,14.0,12,14,0.1813834168092962,0.0015871082969142775,18.24301301795074,0.12216361861003636,0.9834113952292718,5,5
cptg_ripple_minus_1p0pct,cptg_perturbation,CPTG sinusoidal ripple perturbation minus 1.0 percent,15.2,15.0,15,16,0.18143404798219503,0.0015863946465896409,18.248105646795374,0.12210123920758396,0.983402056245323,5,5
cptg_ripple_minus_2p0pct,cptg_perturbation,CPTG sinusoidal ripple perturbation minus 2.0 percent,16.2,16.0,15,17,0.18144352600659897,0.0015791898669726314,18.249059986580214,0.12134821161502088,0.9834003171258908,5,5
cptg_ripple_minus_0p5pct,cptg_perturbation,CPTG sinusoidal ripple perturbation minus 0.5 percent,17.0,17.0,16,18,0.1814519476807434,0.0015898156913295043,18.2499054762723,0.12245499767782035,0.9833987490715612,5,5
planck_tilt_minus_1p0pct,planck_perturbation,Planck endpoint-normalized tilt perturbation minus 1.0 percent,18.0,18.0,16,20,0.18148419320237552,0.0016057755526512412,18.25314710348399,0.12425357205525114,0.9833927772781621,5,5
cptg_locked_pi_cmb,cptg,Locked CPTG geometric-pi CMB comparison envelope,18.8,19.0,18,19,0.1814849037178785,0.0015931145348617567,18.25321967101902,0.1227934536137536,0.9833926631838347,5,5
cptg_ripple_plus_0p5pct,cptg_perturbation,CPTG sinusoidal ripple perturbation plus 0.5 percent,19.8,20.0,19,20,0.18153288555447486,0.0015962903289044256,18.258045159526738,0.1231165224237242,0.9833838026564342,5,5
planck_ripple_plus_2p0pct,planck_perturbation,Planck sinusoidal ripple perturbation plus 2.0 percent,21.0,21.0,21,21,0.1815496343253778,0.0016055723477447405,18.259728858609535,0.12417254821836557,0.9833806981772162,5,5
cptg_tilt_minus_0p5pct,cptg_perturbation,CPTG endpoint-normalized tilt perturbation minus 0.5 percent,22.4,22.0,22,23,0.18159115711163054,0.0015991074445508302,18.263905743447555,0.12342262970079954,0.9833730401184079,5,5
cptg_ripple_plus_1p0pct,cptg_perturbation,CPTG sinusoidal ripple perturbation plus 1.0 percent,22.6,23.0,22,23,0.18159585993043487,0.001599342329525371,18.26437859660033,0.12342413122074065,0.9833721713588461,5,5
cptg_tilt_minus_1p0pct,cptg_perturbation,CPTG endpoint-normalized tilt perturbation minus 1.0 percent,24.2,24.0,24,25,0.18170216098188566,0.0016050860474504014,18.275069625077634,0.12405100066754728,0.9833525273940957,5,5
planck_tilt_minus_2p0pct,planck_perturbation,Planck endpoint-normalized tilt perturbation minus 2.0 percent,25.0,25.0,24,26,0.18173625428099066,0.0016177569296621118,18.27849764267421,0.12551525678580047,0.9833462098940778,5,5
cptg_ripple_plus_2p0pct,cptg_perturbation,CPTG sinusoidal ripple perturbation plus 2.0 percent,25.8,26.0,25,26,0.18176663982988606,0.0016050724963745174,18.281554584803487,0.12399273554168254,0.9833406109103627,5,5
cptg_tilt_minus_2p0pct,cptg_perturbation,CPTG endpoint-normalized tilt perturbation minus 2.0 percent,27.0,27.0,27,27,0.1819383552947597,0.0016169965218320243,18.298824292573723,0.12530476176331318,0.9833088382457511,5,5
observed_smoothed_spectrum_control,data_control,Observed spectrum smoothed with width=31,28.0,28.0,28,28,0.19171006699617565,0.0033687175085802897,19.28241646808733,0.37521812220840384,0.9814467992637201,5,5
flat_dl_null,bad_null,Flat D_l null matched to mean observed D_l,29.0,29.0,29,29,0.3905489668435217,0.0018366091154062899,39.28055810879731,0.11578749175576156,0.9205804257352614,5,5
powerlaw_dl_null,smooth_null,Fitted smooth power-law D_l null,30.0,30.0,30,30,0.5592380469124841,0.004203290666358079,56.24671519360478,0.32466615806145993,0.8289947389403235,5,5
flat_cl_null,bad_null,Flat C_l null matched to mean observed C_l,31.0,31.0,31,31,0.777862650786999,0.0016052969127712214,78.2361194403365,0.1491440969193194,0.6284301653164392,5,5
shuffled_spectrum_null_seed_271844,shuffled_null,Observed spectrum values shuffled across ell,32.0,32.0,32,32,0.9264065907173,0.0017150653166274703,93.17688847279913,0.36549511945348256,0.37650249233758776,5,5
shuffled_spectrum_null_seed_271841,shuffled_null,Observed spectrum values shuffled across ell,33.0,33.0,33,33,0.9375078057477026,0.002640785024623655,94.29360617727164,0.46573201021212957,0.34789841604699534,5,5
shuffled_spectrum_null_seed_271845,shuffled_null,Observed spectrum values shuffled across ell,34.4,34.0,34,35,0.9388031946368022,0.0028561328991227593,94.42391647804075,0.4841324046995204,0.3443740452964354,5,5
shuffled_spectrum_null_seed_271843,shuffled_null,Observed spectrum values shuffled across ell,35.0,35.0,34,36,0.9394322179227885,0.0015784773101225967,94.48698531849917,0.36143636083837183,0.3427099832996651,5,5
shuffled_spectrum_null_seed_271831,shuffled_null,Observed spectrum values shuffled across ell,35.6,36.0,34,36,0.9396515594222713,0.003734753119019109,94.50938519591509,0.5712402532809207,0.3419950287492992,5,5
shuffled_spectrum_null_seed_271835,shuffled_null,Observed spectrum values shuffled across ell,37.0,37.0,37,37,0.9440622760526234,0.0017868335784079043,94.95269802028737,0.38101751173268483,0.32973155945157256,5,5
shuffled_spectrum_null_seed_271829,shuffled_null,Observed spectrum values shuffled across ell,38.4,38.0,38,39,0.9457977036714343,0.002627945344869041,95.12738523003796,0.4651211225700285,0.3246758027554935,5,5
shuffled_spectrum_null_seed_271842,shuffled_null,Observed spectrum values shuffled across ell,38.8,39.0,38,40,0.9461212205826162,0.0014937098260837057,95.15973342002354,0.35190938195957944,0.32378630685778714,5,5
shuffled_spectrum_null_seed_271833,shuffled_null,Observed spectrum values shuffled across ell,40.2,40.0,39,42,0.9482643751859656,0.0028284806593703127,95.37550644189794,0.4840567757368246,0.31738190352414164,5,5
shuffled_spectrum_null_seed_271846,shuffled_null,Observed spectrum values shuffled across ell,40.8,41.0,40,41,0.949195087150122,0.0019069767750821327,95.46895313013415,0.3893184197475,0.31464134296741736,5,5
shuffled_spectrum_null_seed_271840,shuffled_null,Observed spectrum values shuffled across ell,42.2,42.0,41,43,0.9500925897659862,0.0014623096495807314,95.55916617207143,0.3508141783495762,0.3119398864262041,5,5
shuffled_spectrum_null_seed_271838,shuffled_null,Observed spectrum values shuffled across ell,42.6,43.0,42,43,0.950203110810552,0.001818243875323008,95.57033972106214,0.38552396483964085,0.3115876225409468,5,5
shuffled_spectrum_null_seed_271834,shuffled_null,Observed spectrum values shuffled across ell,44.4,44.0,44,45,0.9527962695423332,0.0026596584898366613,95.83128226462868,0.466236515432728,0.30350953877594206,5,5
shuffled_spectrum_null_seed_271828,shuffled_null,Observed spectrum values shuffled across ell,44.6,45.0,44,45,0.9531483891964975,0.0017364210151650321,95.86653908200684,0.37208005673770106,0.30245923324485985,5,5
shuffled_spectrum_null_seed_271836,shuffled_null,Observed spectrum values shuffled across ell,46.2,46.0,46,47,0.9562972558391657,0.002418117803855795,96.18338373374415,0.4474657846017797,0.2923033130106738,5,5
shuffled_spectrum_null_seed_271847,shuffled_null,Observed spectrum values shuffled across ell,46.8,47.0,46,47,0.9567594685490096,0.0015992958319520068,96.2297305865351,0.3647467718314087,0.29083850057891303,5,5
shuffled_spectrum_null_seed_271839,shuffled_null,Observed spectrum values shuffled across ell,48.0,48.0,48,48,0.9593416356849145,0.0021039943863742114,96.48953458053266,0.4180915786703106,0.2821691730553956,5,5
shuffled_spectrum_null_seed_271832,shuffled_null,Observed spectrum values shuffled across ell,49.0,49.0,49,49,0.961394809535314,0.0017599987379127585,96.69596659000771,0.3795869436152739,0.2751131121518237,5,5
shuffled_spectrum_null_seed_271837,shuffled_null,Observed spectrum values shuffled across ell,50.2,50.0,50,51,0.9633525866737289,0.0014019216463642217,96.8928252650287,0.34704726499306626,0.26819758656238696,5,5
shuffled_spectrum_null_seed_271830,shuffled_null,Observed spectrum values shuffled across ell,50.8,51.0,50,51,0.9637095011757001,0.0017748007372718844,96.9287918372719,0.38611011504491194,0.2668871729362582,5,5
