component,ell_min,ell_max,ell_band,smoothing_arcmin,smoothing_label,cptg_residual_fraction,planck_residual_fraction,cptg_minus_planck_residual_fraction,cptg_residual_rms_uK,planck_residual_rms_uK,cptg_minus_planck_residual_rms_uK,cptg_corr,planck_corr,observed_band_rms_uK,valid_sky_fraction,temperature_field,temperature_unit_inference,mask_field,mask_source_used
SMICA,2,30,2-30,-1.0,native,0.2412490456394991,0.24004968039145141,0.0011993652480476735,10.352125924128064,10.30066051814521,0.051465405982852985,0.9704625171169862,0.9707598899774008,42.910536274607075,0.8364308675130209,I_STOKES,K_CMB_to_uK,TMASK,COM_CMB_IQU-smica_2048_R3.00_full.fits
SMICA,2,40,2-40,-1.0,native,0.23270468202305766,0.23164022412802066,0.0010644578950370076,10.910225877018455,10.860319377628475,0.04990649938998004,0.9725470182838915,0.9728011029669443,46.88442786010386,0.8364308675130209,I_STOKES,K_CMB_to_uK,TMASK,COM_CMB_IQU-smica_2048_R3.00_full.fits
SMICA,2,64,2-64,-1.0,native,0.21270171520662054,0.2118885411752379,0.0008131740313826463,11.401244205982989,11.357656425297952,0.0435877806850371,0.9771170749213062,0.977293735484209,53.602032286893916,0.8364308675130209,I_STOKES,K_CMB_to_uK,TMASK,COM_CMB_IQU-smica_2048_R3.00_full.fits
SMICA,2,95,2-95,-1.0,native,0.1937469473132608,0.19320344627394814,0.000543501039312666,11.76553098926323,11.732526194042427,0.03300479522080302,0.9810515134789684,0.9811586927256448,60.72627802615164,0.8364308675130209,I_STOKES,K_CMB_to_uK,TMASK,COM_CMB_IQU-smica_2048_R3.00_full.fits
SMICA,2,30,2-30,10.0,10arcmin,0.2412682823523151,0.24006886497477103,0.0011994173775440597,10.35146983537822,10.300009557704648,0.05146027767357175,0.9704577347241211,0.9707551457088661,42.90439561492941,0.8364308675130209,I_STOKES,K_CMB_to_uK,TMASK,COM_CMB_IQU-smica_2048_R3.00_full.fits
SMICA,2,40,2-40,10.0,10arcmin,0.2327342789098228,0.23166956647474793,0.0010647124350748605,10.908731578886384,10.858826329787112,0.04990524909927174,0.972539935942828,0.9727941154813272,46.872044934614784,0.8364308675130209,I_STOKES,K_CMB_to_uK,TMASK,COM_CMB_IQU-smica_2048_R3.00_full.fits
SMICA,2,64,2-64,10.0,10arcmin,0.21279067765339096,0.2119765813141559,0.0008140963392350709,11.398386115223435,11.354778075097231,0.04360804012620356,0.9770977050184455,0.977274643162412,53.566191155187546,0.8364308675130209,I_STOKES,K_CMB_to_uK,TMASK,COM_CMB_IQU-smica_2048_R3.00_full.fits
SMICA,2,95,2-95,10.0,10arcmin,0.19396651184072225,0.19342066862000507,0.0005458432207171848,11.760419906692952,11.727324784148669,0.033095122544283484,0.9810081264032101,0.9811158937691143,60.631187286340186,0.8364308675130209,I_STOKES,K_CMB_to_uK,TMASK,COM_CMB_IQU-smica_2048_R3.00_full.fits
SMICA,2,30,2-30,20.0,20arcmin,0.24133171555679175,0.240132113405777,0.0011996021510147503,10.349324903080085,10.297880887996357,0.05144401508372809,0.9704419616009056,0.9707395015071402,42.8842304427435,0.8364308675130209,I_STOKES,K_CMB_to_uK,TMASK,COM_CMB_IQU-smica_2048_R3.00_full.fits
SMICA,2,40,2-40,20.0,20arcmin,0.23283010564154596,0.2317645894804176,0.001065516161128377,10.9040318005354,10.854130942255434,0.04990085827996538,0.9725169984106506,0.9727714803233187,46.83256819598202,0.8364308675130209,I_STOKES,K_CMB_to_uK,TMASK,COM_CMB_IQU-smica_2048_R3.00_full.fits
SMICA,2,64,2-64,20.0,20arcmin,0.213066979875369,0.21225006376131839,0.0008169161140506032,11.389578810415358,11.345910239771891,0.043668570643466964,0.977037491134299,0.9772152828226858,53.455391431734554,0.8364308675130209,I_STOKES,K_CMB_to_uK,TMASK,COM_CMB_IQU-smica_2048_R3.00_full.fits
SMICA,2,95,2-95,20.0,20arcmin,0.1946327154961868,0.1940798012442117,0.0005529142519750951,11.744901089174617,11.711536075570983,0.03336501360363364,0.9808761683302926,0.9809857198571673,60.34392038991369,0.8364308675130209,I_STOKES,K_CMB_to_uK,TMASK,COM_CMB_IQU-smica_2048_R3.00_full.fits
SMICA,2,30,2-30,40.0,40arcmin,0.24157570532522907,0.24037541509751467,0.0012002902277143956,10.340958536075442,10.289578570282355,0.05137996579308712,0.9703812511756955,0.9706792816321902,42.80628518564644,0.8364308675130209,I_STOKES,K_CMB_to_uK,TMASK,COM_CMB_IQU-smica_2048_R3.00_full.fits
SMICA,2,40,2-40,40.0,40arcmin,0.23319933010576557,0.23213069627607671,0.0010686338296888587,10.885608910856604,10.835725706073692,0.04988320478291186,0.972428526229908,0.9726841798128516,46.679417586317804,0.8364308675130209,I_STOKES,K_CMB_to_uK,TMASK,COM_CMB_IQU-smica_2048_R3.00_full.fits
SMICA,2,64,2-64,40.0,40arcmin,0.21413475835325227,0.21330681579004032,0.0008279425632119475,11.355085905306439,11.311181968354633,0.04390393695180528,0.9768040234616975,0.9769851579761949,53.027756879031585,0.8364308675130209,I_STOKES,K_CMB_to_uK,TMASK,COM_CMB_IQU-smica_2048_R3.00_full.fits
SMICA,2,95,2-95,40.0,40arcmin,0.19717955754000052,0.19659900864578722,0.0005805488942133008,11.684764029285777,11.650360986085069,0.03440304320070808,0.9803673666531356,0.9804839527471533,59.2595103420666,0.8364308675130209,I_STOKES,K_CMB_to_uK,TMASK,COM_CMB_IQU-smica_2048_R3.00_full.fits
SMICA,2,30,2-30,60.0,60arcmin,0.24197715068322626,0.24077574297601653,0.001201407707209723,10.327148993579522,10.275875076354867,0.05127391722465546,0.9702812199271098,0.9705800548046378,42.6781990135046,0.8364308675130209,I_STOKES,K_CMB_to_uK,TMASK,COM_CMB_IQU-smica_2048_R3.00_full.fits
SMICA,2,40,2-40,60.0,60arcmin,0.23380315592797626,0.232729451826909,0.0010737041010672743,10.855445341509991,10.805593421693814,0.049851919816177315,0.9722835199644839,0.972541088528451,46.429849496360276,0.8364308675130209,I_STOKES,K_CMB_to_uK,TMASK,COM_CMB_IQU-smica_2048_R3.00_full.fits
SMICA,2,64,2-64,60.0,60arcmin,0.21584382489936382,0.21499807758084527,0.0008457473185185527,11.299259525627681,11.254985298882948,0.044274226744732914,0.9764277924185817,0.9766143654633028,52.34923691190104,0.8364308675130209,I_STOKES,K_CMB_to_uK,TMASK,COM_CMB_IQU-smica_2048_R3.00_full.fits
SMICA,2,95,2-95,60.0,60arcmin,0.2011048485246373,0.20048024274885473,0.0006246057757825774,11.589957460287904,11.55396054413258,0.03599691615532308,0.9795696966943725,0.9796977203988162,57.63141736917407,0.8364308675130209,I_STOKES,K_CMB_to_uK,TMASK,COM_CMB_IQU-smica_2048_R3.00_full.fits
SMICA,2,30,2-30,120.0,120arcmin,0.2440580144707631,0.24285112997414668,0.0012068844966164338,10.254760746919155,10.204050214881084,0.050710532038070966,0.9697598831312623,0.9700628270269389,42.01771766912257,0.8364308675130209,I_STOKES,K_CMB_to_uK,TMASK,COM_CMB_IQU-smica_2048_R3.00_full.fits
SMICA,2,40,2-40,120.0,120arcmin,0.23686553543948624,0.2357669171793859,0.0010986182601003536,10.702766257384207,10.653125205037222,0.04964105234698479,0.9715419890455363,0.9718091825460058,45.18498749734117,0.8364308675130209,I_STOKES,K_CMB_to_uK,TMASK,COM_CMB_IQU-smica_2048_R3.00_full.fits
SMICA,2,64,2-64,120.0,120arcmin,0.22377841918534883,0.22284830794449423,0.0009301112408545975,11.02942612026556,10.98358348158762,0.04584263867793936,0.9746399209128415,0.974853009431538,49.2872644306698,0.8364308675130209,I_STOKES,K_CMB_to_uK,TMASK,COM_CMB_IQU-smica_2048_R3.00_full.fits
SMICA,2,95,2-95,120.0,120arcmin,0.21679524189155397,0.21597960459355067,0.0008156372980032967,11.17537190724106,11.133327395253275,0.04204451198778436,0.9762170667604116,0.9763978437111648,51.54804971610604,0.8364308675130209,I_STOKES,K_CMB_to_uK,TMASK,COM_CMB_IQU-smica_2048_R3.00_full.fits
SMICA_noSZ,2,30,2-30,-1.0,native,0.23831979097695985,0.23715032703806346,0.0011694639388963868,10.282556031191726,10.23209828939502,0.05045774179670559,0.9711857847221833,0.9714720231192252,43.146043343860676,0.8364308675130209,I_STOKES,K_CMB_to_uK,TMASK,COM_CMB_IQU-smica_2048_R3.00_full.fits
SMICA_noSZ,2,40,2-40,-1.0,native,0.2300205371232488,0.22898340815052914,0.001037128972719653,10.8443878638884,10.795492104467485,0.0488957594209154,0.9731852352500326,0.9734297909195503,47.14530276084782,0.8364308675130209,I_STOKES,K_CMB_to_uK,TMASK,COM_CMB_IQU-smica_2048_R3.00_full.fits
SMICA_noSZ,2,64,2-64,-1.0,native,0.21013742805973695,0.20934570043931355,0.0007917276204233992,11.320827825829737,11.278174728956298,0.042653096873438656,0.9776717310206209,0.9778415678825039,53.87344810659575,0.8364308675130209,I_STOKES,K_CMB_to_uK,TMASK,COM_CMB_IQU-smica_2048_R3.00_full.fits
SMICA_noSZ,2,95,2-95,-1.0,native,0.19132052897111962,0.190790622790303,0.0005299061808166083,11.668497788159458,11.636179201481683,0.032318586677774874,0.9815275817878774,0.9816307234449205,60.98926158583249,0.8364308675130209,I_STOKES,K_CMB_to_uK,TMASK,COM_CMB_IQU-smica_2048_R3.00_full.fits
SMICA_noSZ,2,30,2-30,10.0,10arcmin,0.23833874545376896,0.23716923465485257,0.00116951079891639,10.281910926038043,10.231458340837914,0.0504525852001283,0.971181133154205,0.9714674071804433,43.139905374858344,0.8364308675130209,I_STOKES,K_CMB_to_uK,TMASK,COM_CMB_IQU-smica_2048_R3.00_full.fits
SMICA_noSZ,2,40,2-40,10.0,10arcmin,0.23004959597757552,0.2290122212790343,0.0010373746985412047,10.84290413524611,10.794009659423129,0.048894475822981676,0.9731783663673882,0.9734230125355062,47.13289796997966,0.8364308675130209,I_STOKES,K_CMB_to_uK,TMASK,COM_CMB_IQU-smica_2048_R3.00_full.fits
SMICA_noSZ,2,64,2-64,10.0,10arcmin,0.21022538849813827,0.20943276278306142,0.0007926257150768501,11.318024127144323,11.27535108450602,0.042673042638302405,0.9776528209209068,0.9778229246452258,53.83757027636343,0.8364308675130209,I_STOKES,K_CMB_to_uK,TMASK,COM_CMB_IQU-smica_2048_R3.00_full.fits
SMICA_noSZ,2,95,2-95,10.0,10arcmin,0.19153780496567843,0.19100562375889546,0.0005321812067829723,11.663538890723835,11.631132148862417,0.03240674186141845,0.9814852051860041,0.9815889112874888,60.89418688291755,0.8364308675130209,I_STOKES,K_CMB_to_uK,TMASK,COM_CMB_IQU-smica_2048_R3.00_full.fits
SMICA_noSZ,2,30,2-30,20.0,20arcmin,0.23840128894098472,0.2372316094177176,0.0011696795232671309,10.2797999539738,10.229363685097661,0.05043626887613861,0.9711657813418171,0.9714521763966112,43.119733117376406,0.8364308675130209,I_STOKES,K_CMB_to_uK,TMASK,COM_CMB_IQU-smica_2048_R3.00_full.fits
SMICA_noSZ,2,40,2-40,20.0,20arcmin,0.23014376093596606,0.22910560930716833,0.0010381516287977233,10.838237100363683,10.78934707852134,0.048890021842343145,0.9731561010926878,0.973401036082781,47.093334428384765,0.8364308675130209,I_STOKES,K_CMB_to_uK,TMASK,COM_CMB_IQU-smica_2048_R3.00_full.fits
SMICA_noSZ,2,64,2-64,20.0,20arcmin,0.2104986904407714,0.2097033183007333,0.0007953721400381086,11.309383387570286,11.266650729953044,0.04273265761724154,0.9775940122530256,0.9777649368015339,53.72662112001328,0.8364308675130209,I_STOKES,K_CMB_to_uK,TMASK,COM_CMB_IQU-smica_2048_R3.00_full.fits
SMICA_noSZ,2,95,2-95,20.0,20arcmin,0.1921971787406182,0.19165812933040585,0.00053904941021235,11.648481022665615,11.615810892613334,0.032670130052281365,0.9813562976300456,0.981461716125772,60.606930335777456,0.8364308675130209,I_STOKES,K_CMB_to_uK,TMASK,COM_CMB_IQU-smica_2048_R3.00_full.fits
SMICA_noSZ,2,30,2-30,40.0,40arcmin,0.2386417868219855,0.2374714824863007,0.0011703043356847964,10.271567405249934,10.221195422921419,0.050371982328515585,0.9711067099659254,0.9713935647912326,43.04178049467923,0.8364308675130209,I_STOKES,K_CMB_to_uK,TMASK,COM_CMB_IQU-smica_2048_R3.00_full.fits
SMICA_noSZ,2,40,2-40,40.0,40arcmin,0.2305064008096396,0.22946523759419804,0.001041163215441565,10.819944301133136,10.771072217928948,0.04887208320418779,0.9730702657858575,0.9733163192066261,46.93988654166975,0.8364308675130209,I_STOKES,K_CMB_to_uK,TMASK,COM_CMB_IQU-smica_2048_R3.00_full.fits
SMICA_noSZ,2,64,2-64,40.0,40arcmin,0.21155450320790897,0.2107483932546738,0.0008061099532351845,11.275537213269441,11.23257276374053,0.04296444952891143,0.9773660734522781,0.9775402119657604,53.29849775019067,0.8364308675130209,I_STOKES,K_CMB_to_uK,TMASK,COM_CMB_IQU-smica_2048_R3.00_full.fits
SMICA_noSZ,2,95,2-95,40.0,40arcmin,0.19471770581687614,0.1941518128477264,0.000565892969149745,11.590116566071575,11.556433109044127,0.03368345702744868,0.9808592933730292,0.9809714635403806,59.52266393777048,0.8364308675130209,I_STOKES,K_CMB_to_uK,TMASK,COM_CMB_IQU-smica_2048_R3.00_full.fits
SMICA_noSZ,2,30,2-30,60.0,60arcmin,0.23903746160679137,0.23786614343551513,0.0011713181712762477,10.257978664817719,10.207713084143046,0.05026558067467235,0.971009385940429,0.9712969945745148,42.91368639820879,0.8364308675130209,I_STOKES,K_CMB_to_uK,TMASK,COM_CMB_IQU-smica_2048_R3.00_full.fits
SMICA_noSZ,2,40,2-40,60.0,60arcmin,0.23109929600277088,0.2300532366900482,0.0010460593127226692,10.789993294907234,10.741152934224276,0.048840360682957495,0.9729296222153423,0.9731775029820925,46.68985791621737,0.8364308675130209,I_STOKES,K_CMB_to_uK,TMASK,COM_CMB_IQU-smica_2048_R3.00_full.fits
SMICA_noSZ,2,64,2-64,60.0,60arcmin,0.21324398098190922,0.212420535314583,0.000823445667326228,11.22074041402793,11.177411312612834,0.04332910141509494,0.9769988481039011,0.9771782144350737,52.61925969661883,0.8364308675130209,I_STOKES,K_CMB_to_uK,TMASK,COM_CMB_IQU-smica_2048_R3.00_full.fits
SMICA_noSZ,2,95,2-95,60.0,60arcmin,0.19860249203919433,0.19799379916095095,0.0006086928782433887,11.498063641698412,11.462823452210205,0.0352401894882064,0.9800800924591446,0.9802032408410865,57.89486085315214,0.8364308675130209,I_STOKES,K_CMB_to_uK,TMASK,COM_CMB_IQU-smica_2048_R3.00_full.fits
SMICA_noSZ,2,30,2-30,120.0,120arcmin,0.2410880388508441,0.23991177393475366,0.001176264916090436,10.186743199901287,10.137042233016405,0.049700966884881126,0.9705022604612823,0.9707937162209681,42.25320861398521,0.8364308675130209,I_STOKES,K_CMB_to_uK,TMASK,COM_CMB_IQU-smica_2048_R3.00_full.fits
SMICA_noSZ,2,40,2-40,120.0,120arcmin,0.23410454548372778,0.23303445998079755,0.0010700855029302236,10.638392994189614,10.58976518948794,0.04862780470167394,0.97221085529385,0.9724679100080486,45.442915139505786,0.8364308675130209,I_STOKES,K_CMB_to_uK,TMASK,COM_CMB_IQU-smica_2048_R3.00_full.fits
SMICA_noSZ,2,64,2-64,120.0,120arcmin,0.22108219700121726,0.22017666427551838,0.0009055327256988766,10.955594021062323,10.910720896721658,0.044873124340664816,0.9752550275163905,0.9754598635692507,49.55439275375937,0.8364308675130209,I_STOKES,K_CMB_to_uK,TMASK,COM_CMB_IQU-smica_2048_R3.00_full.fits
SMICA_noSZ,2,95,2-95,120.0,120arcmin,0.21412940843626668,0.21333509338503073,0.0007943150512359498,11.094641606035461,11.053485928820926,0.04115567721453495,0.976805261528812,0.9769790483996509,51.81278782329267,0.8364308675130209,I_STOKES,K_CMB_to_uK,TMASK,COM_CMB_IQU-smica_2048_R3.00_full.fits
NILC,2,30,2-30,-1.0,native,0.24583599594807107,0.24459892372750172,0.0012370722205693463,10.530298999818863,10.477309443441134,0.052989556377728064,0.969311389271251,0.9696242951406423,42.834650634495446,0.7820383707682291,I_STOKES,K_CMB_to_uK,TMASK,COM_CMB_IQU-nilc_2048_R3.00_full.fits
NILC,2,40,2-40,-1.0,native,0.2372815120242765,0.23618101545003473,0.0011004965742417716,11.086902686372484,11.035482336252427,0.051420350120057634,0.9714408468455349,0.9717089915904217,46.7246798614389,0.7820383707682291,I_STOKES,K_CMB_to_uK,TMASK,COM_CMB_IQU-nilc_2048_R3.00_full.fits
NILC,2,64,2-64,-1.0,native,0.2166253369253801,0.21578165937879037,0.0008436775465897328,11.58286807811124,11.537756985100085,0.04511109301115468,0.9762547625970948,0.9764415877867593,53.469590595956625,0.7820383707682291,I_STOKES,K_CMB_to_uK,TMASK,COM_CMB_IQU-nilc_2048_R3.00_full.fits
NILC,2,95,2-95,-1.0,native,0.19734989007545592,0.19678412814127805,0.0005657619341778719,11.961426561946423,11.927135588565967,0.034290973380455725,0.9803331108495631,0.9804468340123969,60.61025196098676,0.7820383707682291,I_STOKES,K_CMB_to_uK,TMASK,COM_CMB_IQU-nilc_2048_R3.00_full.fits
NILC,2,30,2-30,10.0,10arcmin,0.24585651254560628,0.24461937368925044,0.001237138856355846,10.529634082080092,10.47664943940672,0.052984642673370885,0.9693061856087581,0.9696191361445898,42.828371610155536,0.7820383707682291,I_STOKES,K_CMB_to_uK,TMASK,COM_CMB_IQU-nilc_2048_R3.00_full.fits
NILC,2,40,2-40,10.0,10arcmin,0.23731358108935388,0.23621281446659062,0.0011007666227632606,11.085437097340172,11.034017877675288,0.05141921966488461,0.9714330130835028,0.9717012619575198,46.71219003334772,0.7820383707682291,I_STOKES,K_CMB_to_uK,TMASK,COM_CMB_IQU-nilc_2048_R3.00_full.fits
NILC,2,64,2-64,10.0,10arcmin,0.21671997434303453,0.21587535487185314,0.0008446194711813904,11.580070199515164,11.534939367445775,0.045130832069389726,0.976233758140136,0.9764208773708054,53.43333135129338,0.7820383707682291,I_STOKES,K_CMB_to_uK,TMASK,COM_CMB_IQU-nilc_2048_R3.00_full.fits
NILC,2,95,2-95,10.0,10arcmin,0.19757592997365758,0.19700773710739913,0.000568192866258449,11.956191480204314,11.92180762227396,0.03438385793035437,0.98028757986337,0.9804019272379443,60.514413277965645,0.7820383707682291,I_STOKES,K_CMB_to_uK,TMASK,COM_CMB_IQU-nilc_2048_R3.00_full.fits
NILC,2,30,2-30,20.0,20arcmin,0.24592299491796027,0.24468563415502556,0.0012373607629347083,10.527502434860596,10.474533340006568,0.05296909485402779,0.9692893203993893,0.9696024172054875,42.808125520643415,0.7820383707682291,I_STOKES,K_CMB_to_uK,TMASK,COM_CMB_IQU-nilc_2048_R3.00_full.fits
NILC,2,40,2-40,20.0,20arcmin,0.23741540931794805,0.2363138016028964,0.0011016077150516612,11.08088006308681,11.029464769521297,0.05141529356551189,0.9714081313044923,0.9716767069625754,46.67296067647923,0.7820383707682291,I_STOKES,K_CMB_to_uK,TMASK,COM_CMB_IQU-nilc_2048_R3.00_full.fits
NILC,2,64,2-64,20.0,20arcmin,0.2170111513720144,0.21616366751327673,0.0008474838587376743,11.571517837440712,11.526328110892905,0.045189726547807396,0.9761690720493849,0.9763570897450025,53.3222268269711,0.7820383707682291,I_STOKES,K_CMB_to_uK,TMASK,COM_CMB_IQU-nilc_2048_R3.00_full.fits
NILC,2,95,2-95,20.0,20arcmin,0.19826014958445257,0.19768462508960685,0.0005755244948457139,11.94035552821624,11.905694164860778,0.03466136335546288,0.9801494275574928,0.9802656662005468,60.22569615347751,0.7820383707682291,I_STOKES,K_CMB_to_uK,TMASK,COM_CMB_IQU-nilc_2048_R3.00_full.fits
NILC,2,30,2-30,40.0,40arcmin,0.24618019703404886,0.24494199067748926,0.0012382063565596069,10.519156688592853,10.466248750284311,0.05290793830854135,0.9692240277533805,0.9695376875287093,42.729499835187646,0.7820383707682291,I_STOKES,K_CMB_to_uK,TMASK,COM_CMB_IQU-nilc_2048_R3.00_full.fits
NILC,2,40,2-40,40.0,40arcmin,0.23781068861023089,0.23670579898177443,0.0011048896284564513,11.06298157709701,11.011581979897352,0.05139959719965859,0.9713114372125331,0.9715812873692045,46.52011918282242,0.7820383707682291,I_STOKES,K_CMB_to_uK,TMASK,COM_CMB_IQU-nilc_2048_R3.00_full.fits
NILC,2,64,2-64,40.0,40arcmin,0.21814037224572114,0.21728166007623217,0.0008587121694889621,11.537951776839547,11.492532492459723,0.045419284379823566,0.9759173487328137,0.9761088948432182,52.89232643209568,0.7820383707682291,I_STOKES,K_CMB_to_uK,TMASK,COM_CMB_IQU-nilc_2048_R3.00_full.fits
NILC,2,95,2-95,40.0,40arcmin,0.2008811348176165,0.20027693451462694,0.0006042003029895493,11.878928836145326,11.843199983814285,0.03572885233104017,0.9796156167953995,0.9797393207249475,59.13411852701058,0.7820383707682291,I_STOKES,K_CMB_to_uK,TMASK,COM_CMB_IQU-nilc_2048_R3.00_full.fits
NILC,2,30,2-30,60.0,60arcmin,0.24660314198608646,0.24536355948538935,0.0012395825006971117,10.505385498275647,10.45257882305707,0.052806675218576515,0.9691165020298932,0.9694310851122776,42.600371648421124,0.7820383707682291,I_STOKES,K_CMB_to_uK,TMASK,COM_CMB_IQU-nilc_2048_R3.00_full.fits
NILC,2,40,2-40,60.0,60arcmin,0.23845785712942658,0.23734762337395993,0.0011102337554666497,11.033672189635856,10.98230061623017,0.05137157340568699,0.9711527571709309,0.9714246932571667,46.27095253836474,0.7820383707682291,I_STOKES,K_CMB_to_uK,TMASK,COM_CMB_IQU-nilc_2048_R3.00_full.fits
NILC,2,64,2-64,60.0,60arcmin,0.21994803089322834,0.21907117060887996,0.0008768602843483853,11.483568883861114,11.437787680747162,0.045781203113952174,0.9755115329035984,0.9757088245106809,52.210373683389335,0.7820383707682291,I_STOKES,K_CMB_to_uK,TMASK,COM_CMB_IQU-nilc_2048_R3.00_full.fits
NILC,2,95,2-95,60.0,60arcmin,0.20492705421548826,0.20427714336097558,0.0006499108545126864,11.782210577360374,11.744844176063605,0.037366401296768714,0.9787772415016194,0.9789130884913633,57.49465643990056,0.7820383707682291,I_STOKES,K_CMB_to_uK,TMASK,COM_CMB_IQU-nilc_2048_R3.00_full.fits
NILC,2,30,2-30,120.0,120arcmin,0.24879079431586296,0.24754442831760948,0.0012463659982534792,10.433198947385515,10.38093180278801,0.052267144597504256,0.9685571937800079,0.9688764905797066,41.9356310030491,0.7820383707682291,I_STOKES,K_CMB_to_uK,TMASK,COM_CMB_IQU-nilc_2048_R3.00_full.fits
NILC,2,40,2-40,120.0,120arcmin,0.24174590082154238,0.24060926935114973,0.0011366314703926406,10.88488027378054,10.833702167229033,0.05117810655150734,0.9703394890466782,0.9706219582840313,45.02612138112652,0.7820383707682291,I_STOKES,K_CMB_to_uK,TMASK,COM_CMB_IQU-nilc_2048_R3.00_full.fits
NILC,2,64,2-64,120.0,120arcmin,0.22834766530016795,0.22738443751351242,0.0009632277866555294,11.219444666555166,11.172118231929858,0.04732643462530817,0.9735795755467862,0.9738049933336816,49.13317003616815,0.7820383707682291,I_STOKES,K_CMB_to_uK,TMASK,COM_CMB_IQU-nilc_2048_R3.00_full.fits
NILC,2,95,2-95,120.0,120arcmin,0.22119854072253098,0.2203505069003373,0.0008480338221936723,11.361582484133601,11.318024302471478,0.043558181662122664,0.975228782179237,0.9754207432341986,51.36373163684405,0.7820383707682291,I_STOKES,K_CMB_to_uK,TMASK,COM_CMB_IQU-nilc_2048_R3.00_full.fits
SEVEM,2,30,2-30,-1.0,native,0.24828597671003066,0.24707741906040845,0.0012085576496222161,10.607796006156416,10.55616146288197,0.05163454327444583,0.9686865426467154,0.9689955095630113,42.72410446501011,0.8378740946451823,I_STOKES,K_CMB_to_uK,TMASK,COM_CMB_IQU-sevem_2048_R3.00_full.fits
SEVEM,2,40,2-40,-1.0,native,0.2386911227696231,0.2376121144944506,0.0010790082751724883,11.131553198064221,11.081232776102711,0.05032042196151032,0.9710953742003317,0.9713599558523498,46.63580726798975,0.8378740946451823,I_STOKES,K_CMB_to_uK,TMASK,COM_CMB_IQU-sevem_2048_R3.00_full.fits
SEVEM,2,64,2-64,-1.0,native,0.21816797945082458,0.2173352327912033,0.0008327466596212973,11.607776408274605,11.563469553281704,0.04430685499290021,0.9759112229847541,0.976097013173849,53.20568324230649,0.8378740946451823,I_STOKES,K_CMB_to_uK,TMASK,COM_CMB_IQU-sevem_2048_R3.00_full.fits
SEVEM,2,95,2-95,-1.0,native,0.19878609661331628,0.19823472645483256,0.0005513701584837216,12.001059492405286,11.9677723250076,0.033287167397686446,0.9800428864251945,0.9801545617018675,60.37172466719365,0.8378740946451823,I_STOKES,K_CMB_to_uK,TMASK,COM_CMB_IQU-sevem_2048_R3.00_full.fits
SEVEM,2,30,2-30,10.0,10arcmin,0.24830692364354653,0.24709830547717562,0.0012086181663709117,10.607173597698187,10.555543854492027,0.05162974320615987,0.9686811734666995,0.9689901836526599,42.71799369124787,0.8378740946451823,I_STOKES,K_CMB_to_uK,TMASK,COM_CMB_IQU-sevem_2048_R3.00_full.fits
SEVEM,2,40,2-40,10.0,10arcmin,0.2387240598215493,0.23764478974233755,0.0010792700792117416,11.130143941508214,11.079824625799654,0.05031931570855974,0.9710872777724757,0.9713519622692902,46.623469581692795,0.8378740946451823,I_STOKES,K_CMB_to_uK,TMASK,COM_CMB_IQU-sevem_2048_R3.00_full.fits
SEVEM,2,64,2-64,10.0,10arcmin,0.21826279009954427,0.2174291246563215,0.0008336654432227752,11.605055742265147,11.56072966206344,0.044326080201706475,0.9758900229745138,0.9760761027542766,53.170106260312934,0.8378740946451823,I_STOKES,K_CMB_to_uK,TMASK,COM_CMB_IQU-sevem_2048_R3.00_full.fits
SEVEM,2,95,2-95,10.0,10arcmin,0.19901138311717184,0.19845757252265178,0.00055381059452006,11.995776893384422,11.962394941915123,0.03338195146929834,0.9799971636587896,0.9801094650379173,60.27683796520159,0.8378740946451823,I_STOKES,K_CMB_to_uK,TMASK,COM_CMB_IQU-sevem_2048_R3.00_full.fits
SEVEM,2,30,2-30,20.0,20arcmin,0.24837579904046309,0.2471669758336517,0.001208823206811399,10.605080027861153,10.553466034479769,0.05161399338138395,0.9686635154045586,0.96897266943584,42.697718814921544,0.8378740946451823,I_STOKES,K_CMB_to_uK,TMASK,COM_CMB_IQU-sevem_2048_R3.00_full.fits
SEVEM,2,40,2-40,20.0,20arcmin,0.23883005267072555,0.23774996071925544,0.0010800919514701024,11.125644986168142,11.07533004686257,0.05031493930557218,0.9710612148811909,0.9713262254243741,46.58394059606495,0.8378740946451823,I_STOKES,K_CMB_to_uK,TMASK,COM_CMB_IQU-sevem_2048_R3.00_full.fits
SEVEM,2,64,2-64,20.0,20arcmin,0.21855632728035382,0.21771985361982193,0.0008364736605318834,11.596603177147072,11.552219867681586,0.044383309465485965,0.9758243255405068,0.9760112950085366,53.06002036844027,0.8378740946451823,I_STOKES,K_CMB_to_uK,TMASK,COM_CMB_IQU-sevem_2048_R3.00_full.fits
SEVEM,2,95,2-95,20.0,20arcmin,0.19969417841110465,0.19913300877099904,0.0005611696401056077,11.979694610468554,11.946029928970969,0.03366468149758539,0.9798582581604071,0.9799724567339297,59.99020455071205,0.8378740946451823,I_STOKES,K_CMB_to_uK,TMASK,COM_CMB_IQU-sevem_2048_R3.00_full.fits
SEVEM,2,30,2-30,40.0,40arcmin,0.24864130333095888,0.24743170599255424,0.0012095973384046443,10.59698035674338,10.54542786299868,0.05155249374469939,0.9685953977967685,0.9689051025083457,42.619549587214244,0.8378740946451823,I_STOKES,K_CMB_to_uK,TMASK,COM_CMB_IQU-sevem_2048_R3.00_full.fits
SEVEM,2,40,2-40,40.0,40arcmin,0.23923990129426617,0.23815661902314822,0.0010832822711179524,11.108123467535336,11.057825698840935,0.05029776869440106,0.9709603208067741,0.9712265969921354,46.43089805438556,0.8378740946451823,I_STOKES,K_CMB_to_uK,TMASK,COM_CMB_IQU-sevem_2048_R3.00_full.fits
SEVEM,2,64,2-64,40.0,40arcmin,0.219693251533989,0.21884580593357322,0.0008474456004157749,11.56364932781994,11.519043662060126,0.04460566575981417,0.9755689920577394,0.9757594459650651,52.6354325728158,0.8378740946451823,I_STOKES,K_CMB_to_uK,TMASK,COM_CMB_IQU-sevem_2048_R3.00_full.fits
SEVEM,2,95,2-95,40.0,40arcmin,0.2023053250638877,0.2017154572282591,0.0005898678356286158,11.917621037250328,11.882872464394596,0.0347485728557313,0.9793224827761042,0.9794441506849126,58.9090822670474,0.8378740946451823,I_STOKES,K_CMB_to_uK,TMASK,COM_CMB_IQU-sevem_2048_R3.00_full.fits
SEVEM,2,30,2-30,60.0,60arcmin,0.24907763853715129,0.24786678706375528,0.0012108514733960019,10.583630878523506,10.5321802339839,0.05145064453960657,0.9684832833523381,0.9687938895776272,42.491292838176236,0.8378740946451823,I_STOKES,K_CMB_to_uK,TMASK,COM_CMB_IQU-sevem_2048_R3.00_full.fits
SEVEM,2,40,2-40,60.0,60arcmin,0.23991045186709284,0.23882199280963748,0.0010884590574553599,11.079499030214604,11.029232020262967,0.050267009951637576,0.9707948528629619,0.9710631956710661,46.18181052133776,0.8378740946451823,I_STOKES,K_CMB_to_uK,TMASK,COM_CMB_IQU-sevem_2048_R3.00_full.fits
SEVEM,2,64,2-64,60.0,60arcmin,0.2215159215461071,0.22065077354194895,0.0008651480041581561,11.510393430574183,11.46543867592706,0.044954754647122286,0.9751567465988075,0.9753528695790914,51.96192377611272,0.8378740946451823,I_STOKES,K_CMB_to_uK,TMASK,COM_CMB_IQU-sevem_2048_R3.00_full.fits
SEVEM,2,95,2-95,60.0,60arcmin,0.20633670431695691,0.2057012510106351,0.0006354533063218093,11.820304515462196,11.78390162916552,0.036402886296675874,0.9784810334736853,0.978614818988049,57.286484993502896,0.8378740946451823,I_STOKES,K_CMB_to_uK,TMASK,COM_CMB_IQU-sevem_2048_R3.00_full.fits
SEVEM,2,30,2-30,120.0,120arcmin,0.25134006042983675,0.25012307935943123,0.0012169810704055206,10.5135914080854,10.462684912305393,0.05090649578000672,0.9678986010045401,0.9682138077598501,41.83014593895325,0.8378740946451823,I_STOKES,K_CMB_to_uK,TMASK,COM_CMB_IQU-sevem_2048_R3.00_full.fits
SEVEM,2,40,2-40,120.0,120arcmin,0.24332665017452437,0.24221277159354745,0.001113878580976918,10.934634449488618,10.884578875652535,0.050055573836083056,0.96994421986794,0.9702229768612861,44.938088128225274,0.8378740946451823,I_STOKES,K_CMB_to_uK,TMASK,COM_CMB_IQU-sevem_2048_R3.00_full.fits
SEVEM,2,64,2-64,120.0,120arcmin,0.23004508199241205,0.22909595463746113,0.0009491273549509238,11.252741657558895,11.20631473622294,0.046426921335955385,0.9731799671521084,0.973403838024522,48.91537589110495,0.8378740946451823,I_STOKES,K_CMB_to_uK,TMASK,COM_CMB_IQU-sevem_2048_R3.00_full.fits
SEVEM,2,95,2-95,120.0,120arcmin,0.2226436309537875,0.22181208437021344,0.0008315465835740665,11.401211628614401,11.35862950516553,0.04258212344887191,0.9748998834961352,0.9750894157469399,51.208343934082116,0.8378740946451823,I_STOKES,K_CMB_to_uK,TMASK,COM_CMB_IQU-sevem_2048_R3.00_full.fits
COMMANDER,2,30,2-30,-1.0,native,0.236226053147606,0.2350461495010772,0.0011799036465288126,10.257744399155591,10.206508941167554,0.05123545798803697,0.9716979113597686,0.9719839972577803,43.423425411701025,0.8803787231445312,I_STOKES,K_CMB_to_uK,TMASK,COM_CMB_IQU-commander_2048_R3.00_full.fits
COMMANDER,2,40,2-40,-1.0,native,0.22816376878595238,0.22711244161292282,0.0010513271730295537,10.788321241111756,10.73861109066805,0.049710150443706524,0.9736226466056493,0.9738684225347214,47.283235627268326,0.8803787231445312,I_STOKES,K_CMB_to_uK,TMASK,COM_CMB_IQU-commander_2048_R3.00_full.fits
COMMANDER,2,64,2-64,-1.0,native,0.20888090857525538,0.20806941888644168,0.0008114896888136991,11.243702125834659,11.200021023519268,0.04368110231539113,0.977941054686925,0.9781140310801039,53.82829001715009,0.8803787231445312,I_STOKES,K_CMB_to_uK,TMASK,COM_CMB_IQU-commander_2048_R3.00_full.fits
COMMANDER,2,95,2-95,-1.0,native,0.1904149447563579,0.18986667973305868,0.0005482650232992159,11.590681454723027,11.557308206389193,0.03337324833383448,0.9817036769997339,0.9818098618240446,60.87064998786561,0.8803787231445312,I_STOKES,K_CMB_to_uK,TMASK,COM_CMB_IQU-commander_2048_R3.00_full.fits
COMMANDER,2,30,2-30,10.0,10arcmin,0.23624611174030846,0.23506615801966024,0.0011799537206482191,10.2571715586812,10.20594113776618,0.0512304209150205,0.9716930348325615,0.9719791586247181,43.417313762845374,0.8803787231445312,I_STOKES,K_CMB_to_uK,TMASK,COM_CMB_IQU-commander_2048_R3.00_full.fits
COMMANDER,2,40,2-40,10.0,10arcmin,0.22819343376147402,0.2271418544984519,0.0010515792630221288,10.786911588032462,10.737202477866369,0.04970911016609314,0.973615694332841,0.973861562837917,47.270911394005324,0.8803787231445312,I_STOKES,K_CMB_to_uK,TMASK,COM_CMB_IQU-commander_2048_R3.00_full.fits
COMMANDER,2,64,2-64,10.0,10arcmin,0.20896844898792374,0.20815605467092602,0.0008123943169977277,11.240956552346596,11.19725574839761,0.04370080394898501,0.9779223526504036,0.9780955975012843,53.792601738629976,0.8803787231445312,I_STOKES,K_CMB_to_uK,TMASK,COM_CMB_IQU-commander_2048_R3.00_full.fits
COMMANDER,2,95,2-95,10.0,10arcmin,0.19062780490837916,0.1900772222921152,0.0005505826162639504,11.58563418664666,11.55217186574008,0.033462320906579635,0.9816623658515019,0.9817691227201636,60.77620309490017,0.8803787231445312,I_STOKES,K_CMB_to_uK,TMASK,COM_CMB_IQU-commander_2048_R3.00_full.fits
COMMANDER,2,30,2-30,20.0,20arcmin,0.2363124575667082,0.23513232091832834,0.0011801366483798759,10.255257544693755,10.20404312548079,0.05121441921296466,0.9716769017658125,0.9719631551042166,43.39702464394547,0.8803787231445312,I_STOKES,K_CMB_to_uK,TMASK,COM_CMB_IQU-commander_2048_R3.00_full.fits
COMMANDER,2,40,2-40,20.0,20arcmin,0.2282898323550657,0.22723744768636958,0.0010523846686961158,10.782433615053726,10.732728081913436,0.04970553314029047,0.973593095505178,0.9738392617467722,47.23133528909645,0.8803787231445312,I_STOKES,K_CMB_to_uK,TMASK,COM_CMB_IQU-commander_2048_R3.00_full.fits
COMMANDER,2,64,2-64,20.0,20arcmin,0.20924039102491498,0.20842521468601305,0.0008151763389019351,11.232435842271064,11.188675572650066,0.043760269620998216,0.9778642027527863,0.9780382766585631,53.68196736419585,0.8803787231445312,I_STOKES,K_CMB_to_uK,TMASK,COM_CMB_IQU-commander_2048_R3.00_full.fits
COMMANDER,2,95,2-95,20.0,20arcmin,0.19127460620645848,0.19071699749818194,0.0005576087082765357,11.570228040690484,11.53649821089138,0.03372982979910333,0.9815365428838144,0.9816450412923844,60.49014173999544,0.8803787231445312,I_STOKES,K_CMB_to_uK,TMASK,COM_CMB_IQU-commander_2048_R3.00_full.fits
COMMANDER,2,30,2-30,40.0,40arcmin,0.23656782373524657,0.2353870104248347,0.0011808133104118657,10.247829690131226,10.196678297224626,0.051151392906600535,0.9716147610463888,0.9719015066479346,43.31878075523923,0.8803787231445312,I_STOKES,K_CMB_to_uK,TMASK,COM_CMB_IQU-commander_2048_R3.00_full.fits
COMMANDER,2,40,2-40,40.0,40arcmin,0.22866149172333755,0.22760598979936103,0.0010555019239765207,10.764935394962189,10.71524443066719,0.04969096429499942,0.9735058732449535,0.9737531918456469,47.078042366604144,0.8803787231445312,I_STOKES,K_CMB_to_uK,TMASK,COM_CMB_IQU-commander_2048_R3.00_full.fits
COMMANDER,2,64,2-64,40.0,40arcmin,0.21029281003785247,0.20946677623349597,0.0008260338043565019,11.199187504668847,11.155196901953909,0.043990602714938376,0.9776384168863094,0.9778157343024214,53.255208785564314,0.8803787231445312,I_STOKES,K_CMB_to_uK,TMASK,COM_CMB_IQU-commander_2048_R3.00_full.fits
COMMANDER,2,95,2-95,40.0,40arcmin,0.19374915807756202,0.19316414820217861,0.0005850098753834021,11.510771070568724,11.476015230510496,0.03475584005822796,0.9810510803115748,0.98116643365752,59.41068949554202,0.8803787231445312,I_STOKES,K_CMB_to_uK,TMASK,COM_CMB_IQU-commander_2048_R3.00_full.fits
COMMANDER,2,30,2-30,60.0,60arcmin,0.23698787171530256,0.23580596253473377,0.001181909180568791,10.235571300015048,10.184524317735772,0.051046982279276065,0.9715123920255919,0.9717999441342247,43.19027478465737,0.8803787231445312,I_STOKES,K_CMB_to_uK,TMASK,COM_CMB_IQU-commander_2048_R3.00_full.fits
COMMANDER,2,40,2-40,60.0,60arcmin,0.22926974351403673,0.2282091772614083,0.001060566252628431,10.736322555959825,10.68665799400908,0.04966456195074542,0.9733628036965339,0.9736120051196171,46.82834460144327,0.8803787231445312,I_STOKES,K_CMB_to_uK,TMASK,COM_CMB_IQU-commander_2048_R3.00_full.fits
COMMANDER,2,64,2-64,60.0,60arcmin,0.21197980035597858,0.2111362514711186,0.0008435488848599626,11.145527174529448,11.101174849433084,0.044352325096364,0.9772740170347757,0.9774566097380043,52.578251115496464,0.8803787231445312,I_STOKES,K_CMB_to_uK,TMASK,COM_CMB_IQU-commander_2048_R3.00_full.fits
COMMANDER,2,95,2-95,60.0,60arcmin,0.1975727035030779,0.19694405667898274,0.0006286468240951637,11.41752288699324,11.38119403500772,0.036328851985519606,0.9802882144094057,0.9804147057724262,57.788969248048836,0.8803787231445312,I_STOKES,K_CMB_to_uK,TMASK,COM_CMB_IQU-commander_2048_R3.00_full.fits
COMMANDER,2,30,2-30,120.0,120arcmin,0.2391678537488525,0.2379806119844384,0.0011872417644140931,10.171165364845857,10.12067516675014,0.05049019809571753,0.970978021040175,0.9712696907104416,42.52730960878415,0.8803787231445312,I_STOKES,K_CMB_to_uK,TMASK,COM_CMB_IQU-commander_2048_R3.00_full.fits
COMMANDER,2,40,2-40,120.0,120arcmin,0.23236862134635022,0.2312832174360658,0.001085403910284416,10.591831497018065,10.542356592629828,0.049474904388237206,0.9726276705469931,0.9728863434407511,45.5820215124086,0.8803787231445312,I_STOKES,K_CMB_to_uK,TMASK,COM_CMB_IQU-commander_2048_R3.00_full.fits
COMMANDER,2,64,2-64,120.0,120arcmin,0.21987101894229097,0.21894469787647766,0.000926321065813307,10.888502917798583,10.842629433987723,0.045873483810860094,0.9755289219388348,0.9757372403803384,49.52222885116325,0.8803787231445312,I_STOKES,K_CMB_to_uK,TMASK,COM_CMB_IQU-commander_2048_R3.00_full.fits
COMMANDER,2,95,2-95,120.0,120arcmin,0.21301866426970362,0.21220141368374743,0.0008172505859561918,11.016531139162856,10.974265985733453,0.04226515342940296,0.977048106245771,0.9772259276310543,51.716271796798004,0.8803787231445312,I_STOKES,K_CMB_to_uK,TMASK,COM_CMB_IQU-commander_2048_R3.00_full.fits
