filename,primary_sample,n_points,scale_mode,a_star_base,rc_base,chi2_cptg,chi2_mond,rms_cptg,rms_mond,mae_cptg,mae_mond,rar_cptg,rar_mond,upsilon_cptg_fixed,chi2_cptg_u_fixed,rms_cptg_u_fixed,mae_cptg_u_fixed,rar_cptg_u_fixed,upsilon_cptg_recomputed,a_star_recomputed,rc_recomputed,chi2_cptg_u_recomputed,rms_cptg_u_recomputed,mae_cptg_u_recomputed,rar_cptg_u_recomputed,upsilon_mond,chi2_mond_u,rms_mond_u,mae_mond_u,rar_mond_u
CamB_rotmod.dat,True,9,nested,1.8142507353089348e-12,7.470251237787121e+30,37.163290519013536,1543.5803470822552,3048.085075871962,19644.21255155227,2653.083535592161,19186.987162185727,0.26851624467859514,0.2687222154848499,0.8878685057611635,36.51215205568579,3021.2643071935045,2572.999050887093,0.2681247668056492,0.1,1.3227904343107309e-11,1.024569610541507e+30,33.088743682413025,2876.1408033340886,2435.58711372214,0.26223664798230684,0.1,462.2419069815152,10749.905894722,10448.996757513052,0.26360359068718875
D512-2_rotmod.dat,True,4,nested,5.849467462166327e-11,2.316947463808697e+29,0.24423319806717367,51.02069788002912,1266.2390122310685,13284.553287061231,1006.695629462005,12989.637664621892,0.029380725681494437,0.030665469543178375,1.001361754044336,0.2441904026348644,1268.812125822346,1005.8496820343016,0.029374888086993744,1.7474216375240743,2.7417765207040606e-11,4.9431121387010474e+29,0.2288571150699567,1119.4515588524516,925.3708142303658,0.027061213010995372,0.2312746106551271,0.4772452336254713,1964.136530621646,1215.7154701887002,0.04236397200164309
D564-8_rotmod.dat,True,6,nested,3.8355869669758523e-11,3.533464087188585e+29,11.04977550923788,209.63443090887887,2252.5949459185563,9959.756351836875,1937.2261187705137,9941.453006630325,0.1403915269570515,0.13858138864203307,0.8873236523209285,10.773496791378001,2306.686656549442,2077.252943315985,0.1377892064194574,0.1,1.0114226163590852e-10,1.339984748401758e+29,4.459568910579403,1392.7732850756165,1201.2586019674566,0.09783159902332096,0.1,36.61685530400847,4096.172762222086,4061.947277124554,0.09891830315170322
D631-7_rotmod.dat,True,16,nested,7.24007644810024e-11,1.8719289634923647e+29,233.69634896041617,785.1353634368213,9550.482669192163,13385.06673014591,8683.276520101273,10788.11914587457,0.2658240537325932,0.2637086117992434,0.5355128092487552,216.4012001664177,9803.439314813428,8652.94563782747,0.2503953917932257,0.1,1.2777595668102267e-10,1.060677544753664e+29,152.82356748837438,7700.07761222908,6953.862968001715,0.22545181876270956,0.1,265.74253997563676,7948.4682691242515,6828.243861099364,0.2243737935543001
DDO064_rotmod.dat,True,14,nested,1.2077367628588134e-10,1.122174071195523e+29,4.618148026758916,25.201715505153658,2762.60294839833,6888.774377234616,2414.1450605966593,6111.005845265399,0.12062770244910742,0.11714718411626741,0.9339836430594366,4.523119890357524,2719.1933429152677,2413.975295879926,0.12209844820882441,0.5648184939745433,1.7959939170861864e-10,7.546188587924592e+28,3.7237793059896522,2700.1338001921263,2419.7003302116273,0.1529509904660679,0.37670268423197556,4.172932052213853,3047.074989931272,2631.5421904168074,0.20588735867954164
DDO154_rotmod.dat,True,12,nested,1.4979368443415876e-10,9.047717099885405e+28,226.6151325289327,2359.131043325695,3774.0604425315883,6740.4762462046765,2453.0072373011935,6101.620401243378,0.13226692992531666,0.14100543791715967,0.7344540568799586,184.08251315306728,2978.71099528594,2089.0948331454915,0.11305832178812734,0.1,1.8623873505211093e-10,7.277169702267127e+28,18.2770826583763,794.6637557035652,564.6068115473958,0.02151781932614479,0.1,356.767772874082,2089.080702542829,1950.9476229296276,0.025922303936968278
DDO161_rotmod.dat,True,31,nested,5.894085949672437e-11,2.2994080705339845e+29,148.39254763689792,6261.070796418218,5604.928509364466,22279.686034005485,4449.735885605536,21973.89250444618,0.11181519051053662,0.113748619498026,0.6655933819670762,122.87842035930828,4212.233157397349,3479.760032282424,0.09157091991492912,0.1,7.882689684145162e-11,1.7193254262383805e+29,30.221027427852025,2315.8641890169833,1805.3005560374954,0.04078067566764986,0.1,3412.6259674193934,15045.786210766884,14509.312570396647,0.03989379677151787
DDO168_rotmod.dat,True,10,nested,9.42326571322167e-11,1.4382390578334051e+29,128.63022442889064,493.49499993330807,5459.411565064636,10112.995219874221,4877.314472444581,9282.91214168439,0.14449236605482532,0.1428762443192069,0.9769933587872627,128.5926981942039,5472.198787760438,4910.274949966044,0.14446750314792572,0.1,1.517769154364416e-10,8.929492842917345e+28,125.31976937521777,5347.44779325672,4694.175105123284,0.141873332810657,0.1,185.99494906711448,6154.431669356359,4762.395002718219,0.14121590608672338
DDO170_rotmod.dat,True,8,nested,6.68789592263231e-11,2.026483210546649e+29,21.694600815582298,1897.1677807866745,2382.291407098292,18151.035793738036,1929.8114522800724,17816.329657189985,0.05267006659254309,0.05546291531984088,1.0519591964358623,21.270881835074512,2472.655146261795,1916.8562884178687,0.05388659282411616,1.5959562164812435,5.325374266509328e-11,2.544968320129247e+29,17.55403590285399,2801.9809632446904,2010.66057502891,0.06662021556369939,0.1,759.4134000899534,11094.812540252058,9510.702710483118,0.06419171541677925
ESO079-G014_rotmod.dat,True,15,nested,1.43349230212185e-10,9.454469187617401e+28,44.40529555452292,798.8581041192837,9798.057055224479,23514.27554381248,6725.806349136738,21747.653738932968,0.09916245447036619,0.10247449365602337,0.9996019475234867,44.404911827448494,9796.946485477545,6725.559831726876,0.09916116858668562,0.8157953310440796,1.893883189173816e-10,7.156148213665733e+28,44.19467636362061,9714.618450586546,6782.703208513247,0.0982103955435967,0.6026512297367846,45.18168946327753,9822.563872252797,6894.980448550148,0.09915527227404808
ESO116-G012_rotmod.dat,True,15,nested,2.0929637588814188e-10,6.47546272293845e+28,63.075260443537935,143.77851498880668,6139.594087974096,9581.506757350708,4951.566763737787,7480.637609599052,0.0788264991240227,0.08857055675135898,0.9627285966608976,61.76585531382802,5937.5670046876785,5051.803231270944,0.0776227296732047,0.389684524269062,4.802522365877953e-10,2.8220397050915443e+28,26.635454459534564,3849.173546536043,3227.060893447614,0.046476778511445174,0.7594929775535482,64.38800896228948,6028.311507298664,5148.139222026295,0.0783121560922259
ESO444-G084_rotmod.dat,True,7,nested,4.943445407836125e-10,2.741591680089014e+28,18.82562001637929,135.353662545629,3476.1745620450088,8776.728933731556,3139.795874540697,7032.481286418086,0.07181613534643516,0.08283462507958438,0.7604940387552179,16.90462827070474,3296.177761317493,2504.236122642161,0.06111649106545167,0.1,7.041417183512737e-10,1.9247416319589027e+28,7.459000934740696,2095.5153406880913,1708.208963997226,0.03326413162902956,2.0,73.38124267386085,6632.836541715587,5400.946426979056,0.11500048972965321
ESO563-G021_rotmod.dat,True,30,nested,2.76556083546656e-10,4.900600495671737e+28,497.162173359542,679.2374765620451,23953.313110310206,31598.507367883605,17828.007784016554,23838.75878139852,0.2392232260239499,0.2551697977992039,1.0031352761470351,497.1235024052289,24025.738681733386,17913.41763433948,0.23923875934856678,1.6367953731615843,1.197213632169817e-10,1.1320376277819875e+29,486.84510942284476,24035.77547084862,17416.27404804108,0.2484604049109382,0.8349200585539094,486.3173644619567,24150.198190960054,16887.06403312527,0.25234538756563324
F561-1_rotmod.dat,False,6,nested,8.303506599945577e-12,1.6321910072530795e+30,3.8505864245446575,449.46141162423396,4116.941677057809,44433.75587059313,3866.2154787732215,42678.57629131327,0.08563197659145394,0.08449407842075181,1.0324368853753105,3.8204110802619535,4124.825268066261,3867.7001738786657,0.0854582088573603,2.0,1e-12,1.3552908801097765e+31,2.442813411562113,3660.1843613213596,3462.0012084390987,0.08907282282783467,0.1,79.82257733712453,18358.36383697163,14953.240581005064,0.12490834428218991
F563-1_rotmod.dat,False,17,nested,3.3486590784060767e-10,4.047264437426336e+28,18.629511533645836,23.6636744715012,10388.197896356844,12387.61526327069,7900.746389924056,10623.427445869054,0.1601021510591039,0.1600389505146951,1.143916767299668,18.15174833076551,9978.889913631885,7506.614873940932,0.1598833025709506,1.978579053379193,2.1458673293477735e-10,6.31581860432029e+28,16.29778046098064,8931.147972085995,6769.875515188928,0.16307810185318433,1.6231561522230378,16.35300664127153,8971.217187478322,6819.88912577295,0.16301866430439968
F563-V1_rotmod.dat,False,6,nested,3.4712341755389735e-12,3.9043487462188934e+30,1.5313043910883732,302.7923581146984,2525.952288319837,35519.499228985616,2156.3437858100433,33940.85487456075,0.0829988288164732,0.08614278681608624,1.0689975089706845,1.5017418388527162,2501.4511112325017,2131.1084212848523,0.08189936273123295,2.0,1e-12,1.3552908801097765e+31,0.7890283465912225,1813.179006826618,1574.9216483420332,0.06281906241300339,0.1,122.61892916939956,22603.36711360717,20601.041013739417,0.11851477544970535
F563-V2_rotmod.dat,False,10,nested,5.442405757190819e-10,2.490242257882166e+28,5.592457453609003,17.30252202436606,10871.120722905813,14783.847665305455,9830.721749698007,11996.992721266315,0.1386660816316028,0.13218330513920018,1.0926592040864942,5.408528856101618,11057.111153088219,9948.96337917898,0.13749620367047724,2.0,2.764632310118102e-10,4.902246404158823e+28,3.6205417693284514,7397.69658371565,6918.279779312152,0.13070354301080492,2.0,3.2184633710104857,6441.669369082286,5980.06701029288,0.1273202791719521
F565-V2_rotmod.dat,True,7,nested,2.688858539200236e-10,5.040394875190753e+28,1.8681599375454818,2.51226757739844,4811.582305982008,5088.960377308794,3333.6026448559123,4310.223802809839,0.12092733589484758,0.12568410282811976,0.9590536245340566,1.8525709146186404,4727.248345853888,3339.9805759153646,0.11968886941725725,0.474262384617093,3.5523871329070837e-10,3.8151553572391163e+28,1.6130307451093713,4028.4500328596955,3404.492320091391,0.10004236085444274,1.1750969595379126,2.2075776283552284,5251.4834278153,3691.7973803542095,0.13048114891278062
F567-2_rotmod.dat,False,5,nested,3.380062006043921e-11,4.009662774488657e+29,2.9372664006315903,80.12621120984919,5495.596774636399,29175.511952379282,4880.667925286617,27764.10628598712,0.09414204603424962,0.08921330532514797,1.0679474494573091,2.8399338687249966,5784.471957199762,4986.050923459041,0.09169404977734757,2.0,1.1989495177555929e-11,1.13039861982417e+30,1.6330484522604065,3996.7215150562038,3659.304822131692,0.07713128813889467,0.2687100452191093,15.152401447935501,14680.821848602547,11644.865723268822,0.18225710229332445
F568-1_rotmod.dat,False,12,nested,5.089084158220645e-10,2.663133164973327e+28,9.651276922038392,31.331944425469004,11234.796727720293,18995.801546529,9538.209071766856,16857.997893564036,0.16900599153749027,0.16943312770268595,1.0417611739969184,9.568291990235876,11054.598086960248,9581.447745426432,0.16914142404180457,2.0,2.543308535122486e-10,5.328849651520969e+28,8.229290219590965,9497.298309271539,7952.72476189494,0.17268604699982948,1.8842678766449938,8.29509700429285,9374.626416720388,7757.71172728845,0.17363040010481795
F568-3_rotmod.dat,True,18,nested,9.831286189352835e-11,1.378548903985259e+29,49.23030636922963,153.7212493461982,9006.652885138801,14091.578940107482,8025.596992768852,12674.667421246002,0.1781708919569231,0.17995004311424156,0.9688327354151849,49.10924808337719,9351.440819389101,8388.51899829655,0.17788060282517587,0.46298185113005264,2.2802701792926394e-10,5.943553936797964e+28,45.81133253147299,9135.939152327766,7526.390752740807,0.17432321113816346,0.4069167506301212,45.79485298974141,9097.408161574343,7517.944947179243,0.1742871014903271
F568-V1_rotmod.dat,True,15,nested,5.845498914808275e-10,2.3185204545611114e+28,11.361350411952321,47.82726711547519,11691.777745980495,14233.22196751192,9202.141465734392,12071.850584227755,0.12215559149374834,0.11953348290909414,1.072110850112564,10.926614336697694,12360.540272474662,9348.350967346876,0.12134658195309048,2.0,2.67204898853704e-10,5.07210341548343e+28,5.1809144760903205,8560.387303628831,7098.476475147121,0.1168996131871844,1.984123876170661,4.123126462448528,8264.367998394498,6739.379501386483,0.11685606891325784
F571-8_rotmod.dat,True,13,nested,1.3846666117533506e-10,9.787849787131238e+28,517.2350209633822,929.2728570850505,28192.556068621503,38878.3938470552,25096.766285763275,32380.265033125255,0.3475076147356651,0.3732589307239299,0.8810492367108674,507.992977275974,27631.62614090485,24895.96450994821,0.3456068495270963,0.18390183286167178,1e-09,1.3552908801097765e+28,334.63520480205966,22503.516966527015,20419.62887284528,0.3020161804154655,0.4827134027391831,526.7100831362981,27848.719293970884,25222.262177488075,0.34994630321068954
F571-V1_rotmod.dat,True,7,nested,1.1999355576459438e-10,1.1294697214978876e+29,1.2940734951994406,28.098139351519034,4170.476992748524,14148.087763579299,2623.064729528044,13964.65484936597,0.08414604584969693,0.08831335054686147,0.9729245629759382,1.2789997756508058,4067.824624601914,2716.4623338464444,0.08323953079570232,0.6222664831251148,1.5855895149847965e-10,8.547551981779923e+28,1.0376215357763117,3353.3721758701995,2445.8701455992277,0.06885162989749789,0.253514608636433,1.5948695634288588,3379.2006549815983,3053.6034163487057,0.05385314077588005
F574-1_rotmod.dat,True,14,nested,1.6550891182901236e-10,8.188627821503234e+28,23.75008494224365,77.52238503603911,6172.730505129447,10789.418402138594,5401.692608793886,8991.12629747925,0.11109986993233693,0.11109378281464904,1.0230244890615814,23.59643480564066,6145.135732639785,5358.176200220793,0.11107384312907535,2.0,6.838943728058832e-11,1.98172544474856e+29,17.69866399389357,5243.153397419158,4535.584262972655,0.1114049377152958,0.6749080687560954,27.571196517668945,6668.542848655681,5749.388071632401,0.11168768280523333
F574-2_rotmod.dat,False,5,nested,1.9008433758822416e-12,7.129945040741418e+30,0.19082148298831686,171.8311452922562,1883.0308307817088,48720.60906929324,1448.2614890004406,47439.03688377568,0.09836984615682232,0.10802939103733072,0.9699144472751041,0.18659988397979932,1845.7793604272094,1501.6002934595417,0.09678760676847564,0.5563063023206198,4.1635425577669825e-12,3.255138770183857e+30,0.100328404944531,1406.8827397945854,1036.2187235480749,0.07140177389230981,0.1,57.232466241318605,27277.68981159722,23044.110811005587,3.5126364404053008
F579-V1_rotmod.dat,False,14,nested,1.8907297095063201e-10,7.168083694330113e+28,31.849835495938038,37.943263824783116,14707.997315778468,16603.62168957194,12469.08088802254,14922.74791944174,0.1550048175056516,0.1510716881284951,1.0557059083454003,31.57834085222572,14691.567146427502,12677.849052209238,0.15406363510339954,2.0,7.343814238812913e-11,1.845486331812298e+29,26.761128570031147,13459.32798898441,11464.727899497637,0.1441054483451866,0.7919746429757628,32.302185010920134,14873.429074561735,12859.81036741083,0.1555349364433055
F583-1_rotmod.dat,True,25,nested,2.1018767012383815e-10,6.448003725961982e+28,47.95674473984673,48.74600645681148,8296.928726392875,8553.488009381406,6773.122395218089,6007.783381899963,0.22550361277740882,0.22660661346503785,1.1246083261173587,45.98502907011095,8252.354511792846,6245.545112614478,0.22625731832856993,2.0,1.0692632582502438e-10,1.2674997196925966e+29,36.08741728391655,7017.755559178591,5710.155161505791,0.2334460956510252,0.9157000469872232,47.56304891786443,8427.622798147191,6305.8106223159775,0.2259548370032594
F583-4_rotmod.dat,True,12,nested,7.91052129259865e-11,1.7132763189422577e+29,1.5462667505770415,150.45434843294288,1755.8245136406706,16383.431790276181,1519.5573360296669,15429.175080969804,0.03248751833098125,0.03151059399788705,0.9966663811826593,1.5449540301347433,1752.0560425824658,1517.7583045113754,0.03247590361085554,0.4910750233434129,1.7841778773402688e-10,7.596164582704904e+28,1.2289310752651557,1480.2931001312306,1170.1348382131496,0.03171459621751228,0.33752846105381556,1.2656108244562354,1486.5840921064444,1122.8130847000277,0.033287175378290366
IC2574_rotmod.dat,True,34,nested,3.3458738938929826e-11,4.05063347600609e+29,919.5552051821074,18667.396956253535,5505.603510574006,20667.735514921435,4322.34375990701,20434.052436826292,0.1301228420895267,0.1359257097235704,0.9133661911165701,898.754792329285,5867.530618097137,4668.212316871716,0.12678113496772916,0.1,1.451240760643627e-10,9.338842436514141e+28,63.7681070422359,2267.2368667100327,1593.594187804088,0.05464332575581596,0.1,868.7006140628756,5424.191104685161,4716.011358155033,0.05676096012081699
IC4202_rotmod.dat,True,32,nested,1.2504742799311862e-10,1.0838214762676753e+29,1116.661337473892,3410.381076411857,24826.103717832753,52705.97910918379,13505.134511285827,48513.28096700374,0.22141322613381637,0.22038821728369165,0.9401617492307126,1093.450608986291,24357.547858456895,14071.552042869596,0.2201216787710334,0.4845625229553545,3.7960048453351636e-10,3.5703086147934375e+28,896.2052803969539,22688.261824152836,15466.749922142151,0.20036148256747785,0.5890685422779617,1013.8566663925253,23297.19579456857,14004.448305627207,0.2108234859847798
KK98-251_rotmod.dat,True,15,nested,3.211776637070834e-11,4.2197544638278855e+29,14.798305440382347,613.106742584589,1986.508188783011,12786.521472077166,1893.1044463599494,12457.237737845944,0.12491652223197858,0.1368235680467881,0.873722661931224,14.48689915698054,1965.4956394070541,1876.547841941906,0.12157593517374106,0.1,5.2471906291001677e-11,2.582888589169083e+29,9.187370672400556,1565.2365676280847,1480.2461059521704,0.09016560936379651,0.1,307.11444870273624,9049.706421797875,8765.254950277065,0.09824886641001353
NGC0024_rotmod.dat,True,29,nested,3.372654161256352e-10,4.01846977279436e+28,30.702612263766508,35.293047583718405,6439.010648230801,7113.818628532879,5833.626883949457,6554.186378104527,0.10194432334963607,0.09903416321305276,1.0347489973473054,30.203036215134453,6003.464839866935,5346.106773603896,0.10184066531968985,2.0,1.478861829704311e-10,9.164418560865542e+28,20.073384887683588,4678.280798569243,3643.4036821786053,0.10074054629013862,1.1975608534832594,18.64702791357305,4544.290633349023,3508.291435298837,0.09892296348111244
NGC0055_rotmod.dat,True,21,nested,5.505774562880431e-11,2.4615807723895168e+29,87.02844040515436,2535.379929876924,4335.6893471388385,26943.031044194522,3500.35350085912,26709.79864285923,0.07635719069747986,0.07828980006979286,0.939495751820049,85.2393360648823,4437.895910345985,3788.8127498833687,0.07489434655353247,0.1,1.4431467361794506e-10,9.391220214361143e+28,14.840969035744363,1755.8634016104254,1426.8860773300253,0.030618784218683755,0.1,210.24008867114117,7492.6085606620545,7409.99681905557,0.03204542253650173
NGC0100_rotmod.dat,True,21,nested,9.433518569591088e-11,1.4366759021162598e+29,44.965720276178224,331.4441208357425,7484.639286423339,16882.397002470607,6497.646126590002,16065.42970594531,0.18379855496299086,0.18559941583691456,0.9623565222153603,44.48611304156553,7634.231974532559,6689.129394293031,0.18309002314202455,0.12313844743963288,7.390417756606359e-10,1.8338488090179614e+28,6.188666701372047,2655.041736869527,1959.2854012367534,0.12753181565958174,0.4037547254054158,26.759904842356633,5705.874853123464,5090.084735309797,0.16602649143602274
NGC0247_rotmod.dat,True,26,nested,1.2546524542343628e-10,1.080212193851585e+29,67.01927900281488,1127.3137484033712,3819.1094542233595,17768.434104752407,3436.716022893678,16681.955095364836,0.0420104264865114,0.040058460477737354,1.0115376500175228,66.70621194563763,3951.7976122010464,3591.7133165229325,0.04183967109385542,2.0,4.8157023981491193e-11,2.8143161019058668e+29,45.87273276540725,3250.123533300863,2718.6219007355094,0.03807870605781301,0.5357653040621817,104.01501489110838,6154.0996234730455,5719.265210999302,0.05267344882323409
NGC0289_rotmod.dat,True,28,nested,8.550092796898314e-11,1.5851183283080043e+29,52.96665088908894,1600.163032894296,10781.985193365043,51877.239262780975,8480.6292749726,50614.01458596548,0.056684860302153944,0.04979816326749433,1.0223955689216875,52.41795126143849,10709.22707265411,8400.215732327308,0.05587025794843035,1.2531155472287538,6.624684514383957e-11,2.0458195060716907e+29,47.31391556677084,9733.487790627734,7902.571116595873,0.04842639759349593,0.3487834156911118,212.85044862538743,21199.655759137713,18079.8729640677,0.10712324240246854
NGC0300_rotmod.dat,True,25,nested,1.7244998522652198e-10,7.859037380197695e+28,47.176768125702196,179.179467937263,4442.00231862514,9784.778698042195,3911.2003415646286,8990.732251659125,0.06454211575150856,0.06903685917015726,0.9496028571566988,45.49106380536725,4343.492405092183,3791.8597137165507,0.06343403541980835,0.44856401549265645,3.527452445222085e-10,3.842123745553283e+28,18.365794701163292,4219.885735855662,3032.6874443331803,0.053484608651967816,0.6315984676210883,32.88905022354342,4039.1456297451,3477.406936825461,0.058620878066300244
NGC0801_rotmod.dat,True,13,nested,4.582432098041472e-11,2.95757984213018e+29,139.90036304959224,6033.52632123773,19530.449312520373,83626.72278885492,13266.935922731616,80692.52198673275,0.0776036909371716,0.07498994143132395,1.0746134890479033,122.90119397718773,17242.332763806335,13512.080746959778,0.07510365717849683,1.3383979515159996,2.6969833557689307e-11,5.025210397427064e+29,59.140293500423226,12718.82586551211,9104.968425745137,0.06772567975182374,0.3056554416785315,454.47867184901503,32075.845307084102,25579.68986148142,0.13369852559334933
NGC0891_rotmod.dat,True,18,nested,7.724674951444421e-11,1.7544956760366384e+29,234.84474267878693,10212.715991694604,22036.69262850659,91783.60699367592,13320.010411971962,86440.56770078391,0.0761054159945666,0.09076344001558839,0.9506425744717301,209.94146665591057,19911.95494496253,13321.265981102128,0.07434360779825741,0.5652114814905494,2.0899735542041502e-10,6.484727413815834e+28,49.782576356978495,14646.944381680816,7740.53801590451,0.06139388669751328,0.4218799090611255,123.83881274858513,17980.390157979855,11272.371230892917,0.0715886893770787
NGC1003_rotmod.dat,True,36,nested,1.128138120298105e-10,1.2013519051653421e+29,316.69305357294206,2942.4029862969355,8507.086277597964,21582.132830520193,7340.854226649254,19921.64269968879,0.0854418462526071,0.09120300672220676,0.9212236859259351,301.74895272723614,8337.218085539838,7157.594118086008,0.08202093085438743,0.4221600281269245,2.0141004747029595e-10,6.729013259925155e+28,159.25777455773886,5311.871091941531,4630.069104617431,0.047726493874096235,0.30801443580744936,164.13045915342443,5104.037874390751,4377.957925216847,0.04455891294722373
NGC1090_rotmod.dat,True,24,nested,6.557108752176702e-11,2.0669031601159173e+29,51.97218249533263,7607.169503446832,9088.20303891184,52661.27699798431,5939.592649479619,52084.58404599169,0.13106143102226875,0.1375775932086604,1.002110490543515,51.95151082518065,9066.221488481047,5931.343273645897,0.13108834500670807,1.0913172806109748,5.801369200423495e-11,2.3361569196644843e+29,51.068048041385495,8934.447002080278,5740.698455427259,0.1336195463214771,0.307966013507548,174.43034848305953,13213.486436920846,9652.642569452668,0.12812433154083414
NGC1705_rotmod.dat,False,14,nested,4.810799940900927e-10,2.817184037497034e+28,1.3408959450798323,51.52316963906126,2274.4642162214245,8902.646827838895,1113.9025503461583,8676.567737797834,0.040693334793693144,0.03211279838389515,1.0033758327836657,1.339073770103266,2267.9582527253665,1114.4273566347026,0.04063461326540404,1.183454561367271,4.073678302078744e-10,3.326946262345236e+28,1.2492935950251578,2161.8454476916436,1165.1480645992613,0.03747826008083955,1.6370969949389331,3.6960111637042186,3318.731269738486,2712.0234390169217,0.041465308169408105
NGC2366_rotmod.dat,False,26,nested,6.623190317279484e-11,2.046281044610644e+29,114.0920619357263,1347.6685871744319,4031.162867730939,14984.18186134518,3330.2634572525444,14547.747025677063,0.15584593173572892,0.16468115871268127,0.7398762964793008,98.56462955544399,3686.4273072451397,3307.3685971818395,0.13747347646348504,0.2036915453704684,1.1945752464331975e-10,1.1345378904815323e+29,37.001187536225416,3745.69459668671,2851.1996924723903,0.07463245082808405,0.1,230.82517142095486,8195.128746238655,6322.939855348459,0.07015426034179308
NGC2403_rotmod.dat,True,73,nested,1.7137021648589943e-10,7.908555569930622e+28,1246.8441808683747,21323.567085294013,7077.020032127597,18342.568956864747,5446.7100645206365,15664.896401054375,0.05345485475411295,0.07617182902377315,0.9834022635139138,1223.398148610057,6895.326635927611,5363.337766856261,0.05274970412967503,0.7141071988941861,2.4559443403545135e-10,5.518410404667971e+28,754.041735204268,4797.640607438022,3476.297005200493,0.03888975398725165,0.6405486557630202,1192.2397890395855,6368.459237152782,4852.032345082555,0.04821643037107016
NGC2683_rotmod.dat,True,11,nested,1.0615690544325048e-10,1.2766864995271456e+29,24.49594235689191,473.2715481960951,13802.185561413806,50916.662232909,12308.719132642918,50332.733901263535,0.06317129278455062,0.046577314074943005,1.0287701033382526,23.910312298354057,14380.824660323276,12271.121220878866,0.0626099676835469,1.472134767106328,4.622472005350605e-11,2.9319612504759354e+29,11.803547206163353,9191.10204653475,8006.016617851274,0.042884412799928856,0.5185589367713657,23.882704375550787,14580.979036009065,12444.020292798452,0.06349742024725476
NGC2841_rotmod.dat,True,50,nested,3.0442903923494294e-10,4.4519106439902785e+28,299.5282752208189,142.97014851940338,17075.02441722406,8817.354437462565,13301.793747033102,6608.934097157883,0.04050486794924454,0.022357717593408044,1.030762981411578,290.1984690844587,15444.361182911061,12291.771575473762,0.03952838573530063,1.7042376433081297,1.4565358152522583e-10,9.304892237579842e+28,80.84915842764073,7206.818043130378,4824.016894845628,0.021430228090332418,1.0621918562765345,93.98177111177073,8615.160843125754,6972.329116616486,0.02516068764111353
NGC2903_rotmod.dat,True,34,nested,1.1605965349641315e-10,1.1677536846615367e+29,323.81975580235655,22092.2707320143,22444.59518337726,68168.4996978357,9767.261699118528,61332.151374476714,0.20376727754740004,0.23576571721046344,0.9847731650497398,316.64374041947167,22107.71472914784,9605.245524623213,0.20330021539876555,0.7105944795648986,2.0116031461885266e-10,6.737367073011921e+28,207.16341386908593,18490.98333155745,7696.8552004973235,0.18168874285222023,0.5003694285568093,428.52174065938266,23602.131953264427,11352.021206926682,0.20934922339768963
NGC2915_rotmod.dat,True,30,nested,4.925244810920581e-10,2.751722872951889e+28,49.741250530358826,130.51954300791758,13617.438685522173,17114.213674731815,8142.279606956026,15448.761176838381,0.27750891553004964,0.30245030235510945,0.9301116361167221,49.28022372013307,13329.625703285848,8242.824764382538,0.2753331781499274,0.5538158702052027,6.90863470272985e-10,1.9617347542984902e+28,45.97851640885697,12238.69144699289,8570.283618182053,0.2570554853171649,1.845026546502207,86.33967850931963,17604.163297677107,11534.638449482452,0.32944783123386034
NGC2955_rotmod.dat,True,24,nested,7.805296039103187e-11,1.7363734486430788e+29,107.60098333801204,2737.707506619089,13341.893176326954,75767.28935663804,11348.528376235176,72644.81457818177,0.05201248786807172,0.05965592949535742,1.022288192030476,104.97974744129806,13326.774671541467,11303.674436617695,0.051636697545833915,1.07233217934003,5.963479961218062e-11,2.2726510173984947e+29,98.7194212213116,13467.686685730083,11421.952123212815,0.049470953587337045,0.5449900241193523,214.33198997509652,20581.361846086438,16329.133853227167,0.07613151852752732
NGC2976_rotmod.dat,True,27,nested,7.427581365100435e-11,1.8246732193036708e+29,44.478793618278296,840.4580257224353,4525.623877588932,18174.95839989889,3869.0805158568137,17799.904321762886,0.16974006146025145,0.16543802751774744,1.0010937332400824,44.478059385356005,4521.833583641135,3867.0809624783838,0.1697444715597152,0.1,9.571130205612514e-10,1.4160196873249446e+28,17.97309283668887,2773.1789973167824,2115.668935091112,0.14472471775484308,0.37314999395092585,32.473418845167444,3813.7141117622896,3146.412045617571,0.16159868670193245
NGC2998_rotmod.dat,True,13,nested,9.203648570722069e-11,1.4725582682732177e+29,46.728646177623496,3183.5884735439927,28367.841294106533,45575.164491148644,19520.83960437851,40500.43354951657,0.21220682504096727,0.19494180060875746,1.008209789242108,46.50712745785943,28177.250885571404,19321.34218168368,0.21198881766682354,1.5827487897812131,4.768040103447493e-11,2.8424485757362744e+29,28.943514776267335,21728.500167386228,15103.295414227423,0.18613329224436578,0.40755310341639517,88.57871887865521,31465.35555302072,23443.736771066902,0.22699205628004207
NGC3109_rotmod.dat,True,25,nested,1.988363089039947e-10,6.816113654393773e+28,166.2520434661149,198.61842350895404,4820.351232684904,4344.003208496716,4296.815514355028,3771.4954388623596,0.13641111011939228,0.14178732817570658,0.6627536702741401,150.79062632569497,5618.9657661365145,4900.004059147735,0.12294097605921837,0.1,3.639854582970892e-10,3.7234753455550747e+28,61.7555832179962,2889.6081594991615,2580.5791673080034,0.08016760111338761,0.4239882026335518,132.8281626043698,5336.947814823723,4653.586853202404,0.11415050849722538
NGC3198_rotmod.dat,True,43,nested,9.858387216556111e-11,1.3747592281967884e+29,46.78905348774712,12186.634553691261,7449.344737122836,35003.291376324945,4171.527137655249,34617.001486243906,0.1256235151532913,0.14055039026967156,1.0003090565844694,46.78771945104437,7450.931009828913,4172.186701277445,0.12562952162599542,1.005078774992366,9.792213970023417e-11,1.3840494950975172e+29,46.76717828231167,7460.274003501419,4161.711740175739,0.1258017210762526,0.4477608976346157,416.3855051550691,9648.748643082065,7294.418061314082,0.12474705919060355
NGC3521_rotmod.dat,True,41,nested,1.48210647717896e-10,9.144355692240383e+28,24.357920231875045,1617.7024870866635,7469.299519209378,64847.497922158014,6683.863918495172,63359.414063652315,0.03192061770541378,0.042868154251442546,1.0223633495461542,23.141382961274626,7869.857808958539,7056.219898649287,0.031462603486094816,1.093809101609885,1.1599144078932837e-10,1.1684404218853949e+29,18.907142718895045,6789.001464495278,6076.393633058267,0.027251434606050926,0.5315474370357268,21.079670138107872,6902.23791112539,6084.164283135718,0.02807580825779052
NGC3726_rotmod.dat,True,12,nested,4.700417835668052e-11,2.8833412847374117e+29,28.549718741260975,1854.417646559776,12739.977680856231,64130.178866896196,10324.31700053993,62726.78198582684,0.07270319038151267,0.0764855797428713,0.9903822117078361,28.46643476745373,12825.020597002338,10382.44964196311,0.07246084283747915,0.7490572261673157,7.504439207679703e-11,1.8059855541541774e+29,26.75846829949987,11161.623348236739,8952.770329666062,0.06222211655113918,0.28153045210028876,35.623866449835376,9033.483894958306,7502.4972749104045,0.05018979996133859
NGC3741_rotmod.dat,True,21,nested,2.1582821331601537e-10,6.27948894765376e+28,50.69422764078011,64.30620568881203,3578.4316904004327,3998.638458159101,3104.473498543185,3295.3736595298724,0.12047594241533822,0.13141671895031953,0.37955311682448706,26.723784468785325,2655.701760736564,2318.993120548696,0.06384099778706813,0.11273654386453996,2.998230112946786e-10,4.520303075662661e+28,4.4663057123416925,1029.4564627785073,767.9363459146094,0.03221706778927151,0.3015453817283169,23.916115595074036,2509.876830033648,2203.865465778914,0.060322245015030855
NGC3769_rotmod.dat,True,12,nested,7.50239488736309e-11,1.80647766540869e+29,11.706415838873806,461.3725320979867,7296.528223703225,39799.58460712697,5530.568767057506,38683.34037252187,0.05824106243087299,0.07349976854382163,0.966917345875031,11.362851507384521,7054.673600780267,5617.221724936287,0.05695191386671842,0.5352555912241698,1.5754804946878442e-10,8.602397076190432e+28,6.5787290604706286,5237.790865641529,4585.625954829381,0.037442610255481595,0.3207480094781958,8.337844183563625,6542.062123437646,5441.0267881623195,0.04324879187172999
NGC3877_rotmod.dat,True,13,nested,6.491678693059287e-11,2.087735613838704e+29,86.45175511619452,1488.6640126470247,18387.474424460674,60385.39345551336,14798.128424761202,56014.224052329155,0.1996800045027922,0.2034918451136567,1.000139168452358,86.4517348872352,18387.534982882742,14800.211978624286,0.19968157820542007,1.0787108262758878,5.482914256270896e-11,2.471844017184308e+29,86.43824363034055,18501.157512486654,14777.895677398657,0.20241267181103312,0.3778634430481684,88.23213276568163,18326.875833458012,14989.873638335972,0.1948977442223533
NGC3893_rotmod.dat,True,10,nested,1.3065818176502845e-10,1.0372797644980922e+29,5.008142957687298,379.07107432699735,5508.390230564231,43348.628197154314,4124.6191454009,41940.42612864698,0.027755272644840064,0.05628211167829544,0.9853469615329594,4.881509904559954,5323.033105639733,4013.432811233256,0.027564967068188305,0.7810150966336152,1.9321670527216872e-10,7.014356642717244e+28,3.2615417917290945,5426.532851389467,4029.6637353598985,0.025335788563675177,0.5195802701690994,8.065132170094113,6527.790621566317,5095.634817909309,0.03454141513070979
NGC3917_rotmod.dat,True,17,nested,1.1216170554097397e-10,1.2083365472850027e+29,44.17006039284538,731.4045764453797,6378.143845685057,25853.94757967767,4136.719101165018,24955.388357258136,0.12631924868752062,0.12663477804693177,1.0024224381704305,44.16286033357037,6375.911072859299,4120.50400782695,0.1263263461017122,2.0,3.666495510896572e-11,3.696420399484863e+29,40.62664480659661,6250.688555380034,3663.876896198169,0.12842520744620925,0.5104945470007299,48.111416861493566,6655.577381675557,4880.649039103492,0.12459674139922107
NGC3949_rotmod.dat,True,7,nested,7.699713825741064e-11,1.7601834441935713e+29,2.919746133681192,444.1880853451189,7984.314734289062,53157.4977999791,5692.086264948729,52138.9233241483,0.03993517872445746,0.052798772248255584,0.987751800993444,2.858832676522125,8214.693510166453,5768.056101952222,0.039600752453856074,0.744883588477232,1.4725379247940723e-10,9.20377572142536e+28,1.8910314399690547,5214.054389918049,4252.7280978818535,0.026398893363772998,0.4145510252536337,2.089653618684184,6119.286636714306,4795.385623883107,0.030032188661428056
NGC3953_rotmod.dat,True,8,nested,1.0928444776537998e-10,1.240149818041279e+29,22.493407597429808,724.2508190941039,11218.469860814223,60758.895245319036,10417.17150954057,59478.58137028107,0.047176837899371035,0.03169388929455494,1.0176640276786844,22.195803987888326,11225.255950293651,10462.42396382273,0.04689752248808358,1.7051907726459816,1.5056568850982428e-11,9.001326221952254e+29,3.4797741141230514,4075.680264144679,3836.019250884081,0.016641204119921073,0.5042722720793786,19.72393302316651,10516.30842626825,9814.998882155418,0.043727279373832924
NGC3972_rotmod.dat,True,10,nested,1.3241581995386344e-10,1.0235112999201978e+29,12.950231747715373,184.40778810832194,5588.915099463658,19846.198436442297,4437.165957181539,19037.248427656563,0.08455763069865693,0.08831183428967036,0.9968504183347968,12.94601831236983,5597.22354155411,4475.237197661854,0.08454254289865362,0.34630326765851294,5.043518426708059e-10,2.6871932754975275e+28,10.80577095432323,5197.128571106775,4244.1449592617355,0.07738479708053393,0.5684389178844066,12.54637879238443,5520.2357404319155,4489.854263105838,0.08360099059412943
NGC3992_rotmod.dat,True,9,nested,1.4646893099469498e-10,9.253094638608814e+28,34.15491545240716,417.2345162043704,13384.0592432353,42012.48225569912,10114.215807446411,40745.154611013764,0.04857472717874166,0.032540794235493435,1.0116697168958304,33.98385937171797,13342.982468744656,10372.815800555449,0.04842540789903024,2.0,4.420345309260947e-11,3.066029428222141e+29,7.105876587875879,6160.479154804585,4390.153511183249,0.021806506922623932,0.6175635755420292,28.768063012488845,12308.605353251472,9663.246030633558,0.04443138370561803
NGC4010_rotmod.dat,True,12,nested,8.249875283884443e-11,1.6428016587805185e+29,30.155660838117708,453.3220113087518,9149.833401367072,32930.88143579547,7373.3089195539915,31647.281105036633,0.09138660356171051,0.097284400757989,0.985612107144448,30.07673759706427,9087.048833443214,7453.157614220597,0.09124025454778142,0.1483082915220494,6.078464704195072e-10,2.229659866535736e+28,16.180799008121863,6234.658132871999,5344.015475945661,0.06858988301029784,0.37956443885891583,23.231418425132773,7943.576537364786,6393.122280538002,0.08231547478489466
NGC4013_rotmod.dat,True,36,nested,7.943496640922162e-11,1.7061641004891776e+29,88.22255885989425,4256.1395271123965,8710.988972369209,51695.847334346305,7214.011804898053,49996.898153620976,0.04334309016384418,0.04866107819337772,0.9898734057896621,87.75194224235769,8750.596003970019,7206.897859751973,0.04329390764939363,0.5357947660099437,2.010801436918239e-10,6.740053270435791e+28,70.36401286919225,8304.945213694087,6115.8488044665155,0.040899911697319866,0.4302539832255002,64.55831362393799,7897.0254604658785,6178.789296103476,0.03893349132575899
NGC4051_rotmod.dat,True,7,nested,4.539454826929812e-11,2.985580717908379e+29,8.04675920559178,619.3365489964506,7608.225519099514,67131.90946124538,6784.165669654205,65584.87775293579,0.04569951140939351,0.04395100550410104,1.0095796634451704,8.014962386266935,7619.142713954868,6884.074135503486,0.04564423146275351,1.3264959571381114,1.6956231914113228e-11,7.992877704047698e+29,6.774973062886864,8065.665153783678,6465.014274601475,0.05138786827693305,0.3168805367643337,12.124237073941732,10000.263427355123,9400.060109329614,0.05923006871259262
NGC4068_rotmod.dat,True,6,nested,2.6964447030839408e-11,5.02621425375318e+29,9.178010979688512,329.299509401307,4235.17924309479,16735.380032463047,3596.191096097529,16450.331891828428,0.24349534869981102,0.2524450077138488,0.9374836352486345,9.007455523214436,4180.939953535099,3638.807258607357,0.24096560490570723,0.1,1.1860193096526854e-10,1.1427224405871273e+29,1.254481012413705,1520.4009662469668,1207.7935415667125,0.13154449128337567,0.1,25.14036791896714,4741.413675173371,4656.334120127985,0.14354172465505377
NGC4085_rotmod.dat,True,7,nested,5.0669035257257083e-11,2.6747911682720755e+29,32.34386201521113,681.3050546710587,14424.94622650987,55428.821606220314,10041.14268629377,55029.16174742038,0.17800748320679918,0.18036695840365638,0.9598451733795108,31.68012133212944,14133.12389021418,10499.060924346524,0.1772530414006134,0.12231235794003381,1e-09,1.3552908801097765e+28,17.493486344758537,10375.588136844694,7467.06667345326,0.14053782547983018,0.32622354011779375,25.152538514231125,12625.261794013773,9288.79399562825,0.16370720634000574
NGC4088_rotmod.dat,True,12,nested,2.949859240340133e-11,4.5944255969091764e+29,20.74604094120206,2182.370389018258,10158.233393576396,92200.07525163615,8165.843113408264,90735.69627055222,0.06033168747944996,0.05269263204838882,0.9440892271094578,17.771153383158527,9571.371183309306,7485.214193447756,0.05814031104759959,0.6712171958969112,6.457057838750002e-11,2.0989294411712166e+29,6.178981747706979,5913.679090399014,4628.308202471409,0.03803990266989364,0.22804596859147652,11.715008155171736,7457.323848527064,6131.188492952948,0.04490593219756006
NGC4100_rotmod.dat,True,24,nested,1.3217823412631547e-10,1.0253510262624628e+29,44.34914430797106,1000.008119435139,9112.402806179174,36519.719962377174,6623.725600764235,35455.03715900505,0.048704486014146245,0.037423189287263965,1.0088457570199045,44.180133870064296,9163.182093190526,6707.1247494811405,0.04859176675532991,1.583760948758564,5.963564666131665e-11,2.2726187372575294e+29,29.773897013394972,7005.107073690027,5793.522137889076,0.036615096862088824,0.5696918224643712,44.25100573173577,9150.247294655062,6864.6779300562,0.047796906945348286
NGC4138_rotmod.dat,True,7,nested,1.2616087859052345e-10,1.0742560572272194e+29,8.488642445512065,80.67633083026054,11366.424583279595,40853.26460048087,10555.280867804844,39356.94778299757,0.05199736191489417,0.047102886092422344,1.0149730759219506,8.449866956188634,11735.241443215491,10871.323488279437,0.05187707787783452,1.395062196498873,6.172921597612068e-11,2.1955420276746378e+29,7.1050928942941365,11953.413337557311,9115.830187758987,0.05323464253760316,0.5832739199622385,6.952327325324121,10999.794839153012,10207.31708712029,0.04800132934101873
NGC4157_rotmod.dat,True,17,nested,6.12702068786145e-11,2.211990050555585e+29,14.426658033788392,1525.2466021542327,9241.39032368094,69626.97063479065,7518.795108785621,68205.67097409796,0.05570890864987771,0.06362091339224199,0.9801235459061208,14.021154864799508,9247.876293942527,7473.415849163233,0.05505845205467381,0.7790863715196902,9.22618549171551e-11,1.468961231406778e+29,10.608047397927194,7383.377607341597,6402.792721313233,0.043092005041969694,0.3381067416913411,9.905631704136532,6201.2380275932655,4905.174314581982,0.03352187057084333
NGC4183_rotmod.dat,True,23,nested,9.525754838319705e-11,1.4227648129865612e+29,21.30172253861938,476.0561292054467,5201.4116006083805,24620.201147759097,4242.262099988685,23049.92463058201,0.0504565805818561,0.04620882956087784,1.0311690307457617,20.905551998694822,5109.536242198235,4289.370579746605,0.049569008432197276,2.0,4.037442741020871e-11,3.356805203303242e+29,9.872432625501908,3749.697144608034,3018.1937240922466,0.033392577891592515,0.3706563435612167,58.997211598860844,8666.409375980733,7940.774695275564,0.08549950666009731
NGC4214_rotmod.dat,False,14,nested,3.03413624829528e-10,4.4668095602866955e+28,13.47321313983842,16.593333191144563,6451.667528698663,7222.858752817059,4797.329877539717,6182.921157203151,0.09956512474717627,0.09754777913887297,0.985926987912308,13.444046559777656,6496.812188525644,4890.486709618189,0.09959747158056215,0.40866562999959,7.842277325357413e-10,1.7281853521394167e+28,11.649668349140692,6094.393417910938,3630.0138308371093,0.1070775423198095,1.003755281377762,16.590840041928924,7206.7232521811175,6158.212307856624,0.09755764740751915
NGC4217_rotmod.dat,True,19,nested,3.483854578098553e-11,3.890205086715986e+29,534.0634452336029,2873.8628799507464,38548.86435981217,84381.52228123476,28597.578164325354,78911.56189172203,0.2435375193865263,0.21451404012195655,0.7607935051266554,376.26854611577573,32371.55340416882,28703.95436834234,0.23220263840952593,0.10505357632743359,1e-09,1.3552908801097765e+28,55.06580078887291,13356.919125514232,8876.537708287162,0.1350070005488213,0.33284441539354315,149.02865095409877,20870.725179502148,16860.59128234997,0.17665243537326522
NGC4389_rotmod.dat,False,6,nested,1e-12,1.3552908801097765e+31,66.48098769876638,919.2899937768738,21030.633462946716,80496.11692003062,19467.18345716738,80098.27667304907,0.2429030188842344,0.2173036654786694,0.6818124907099596,34.83040372512789,16261.64956258196,13336.897089815471,0.24075722017660445,0.1,2.797211021632368e-10,4.845150650517849e+28,17.022734014049924,11081.710529723347,8975.900689368938,0.1816386169206859,0.1,18.13532001043533,11500.426725339295,9368.133450118772,0.18606737636694007
NGC4559_rotmod.dat,True,32,nested,6.180969817426569e-11,2.192683219854402e+29,21.953642051689272,2431.8514001391186,4216.766020649224,41990.72199438308,3640.256492489391,41604.45707968304,0.036392807266627074,0.046191423129618166,0.9826294630464008,21.589251233911934,4049.0748023836463,3530.959820964553,0.03580983062440179,0.6442122903950736,1.036537562031426e-10,1.3075173826345972e+29,13.095227631696673,3280.517830494404,2748.066438188691,0.02550047798547993,0.2555535925622276,50.133667485315634,7452.586022699439,5049.157797279526,0.053366957908504535
NGC5005_rotmod.dat,True,18,nested,1.2427914734957e-10,1.0905215468671026e+29,3.716447077059958,342.0553023942914,7386.249518874999,72420.29617687817,5679.566349639357,71716.1170036153,0.026735172636213632,0.030748537075224555,0.9680848575824597,3.10035961929837,7768.174596142385,7053.185159799861,0.026066803273877157,0.8749925297488412,1.8492726165050837e-10,7.3287781802075405e+28,1.4543505836407107,6039.059431476753,4414.479243862671,0.02346062380018929,0.5264158306044742,1.0368691997780424,6197.545431783861,3645.1221645602104,0.024435174505549915
NGC5033_rotmod.dat,True,22,nested,1.3432882828858536e-10,1.0089352355535605e+29,136.07596649504262,2825.8857119751174,12061.463934956813,47569.50564432066,8855.333326291213,42829.5173458122,0.04291542355978122,0.06655467208999556,1.0010509431400065,136.06604949308198,12101.885303993231,8858.695248747563,0.04294683221030162,1.0223684466775922,1.303099437526801e-10,1.040051772781079e+29,135.8657339434587,12613.18279072346,9030.176020678591,0.04446394228211749,0.6114024726831131,185.98847939641485,13364.830649658566,10205.065386215472,0.045761452857187045
NGC5055_rotmod.dat,True,28,nested,5.135192359968428e-11,2.639221250356645e+29,880.5044239980165,218056.22524967394,6086.225037975777,83769.52357829518,5171.1345433936895,82776.86669253919,0.029732328753546887,0.03911456866637165,0.9642781674111289,692.1728626190448,5488.1846161135545,4941.2974922928925,0.027615942643922826,0.8356885871520432,7.459610937927939e-11,1.8168385608676752e+29,90.21231096693491,2692.3160594148203,2216.8733758586136,0.013510844477640036,0.33423909683513775,1285.5225735746915,9278.275406834684,7192.274387609078,0.04230380522612586
NGC5371_rotmod.dat,True,19,nested,3.677283364810675e-11,3.685576404252854e+29,427.6207746010829,18064.40157848275,22890.733784990363,100585.14716970298,16364.923351718951,94782.36918064542,0.09000946141332102,0.09553719985184511,1.0673398694983938,387.85020236817394,20948.49334170252,16489.78213251618,0.08704192110055947,1.373193187289877,1.3731031385623918e-11,9.870277345143466e+29,165.171036572115,13742.410210040494,11331.071846766803,0.05127637808333618,0.29513340614934636,986.548042704783,33331.2243187136,27356.562834169097,0.14551986046605325
NGC5585_rotmod.dat,True,24,nested,8.27339752167996e-11,1.6381309813269762e+29,616.4218295294229,3512.065999202455,8568.840250994064,19515.467933254346,7434.266792115251,18219.011648025884,0.13447771043699053,0.14305003548754655,0.8510851796191957,568.8458791950859,8719.718040700323,7689.310276640778,0.12756067843012084,0.2675467647940731,2.8223206300026876e-10,4.802044337919487e+28,140.3358862973796,4566.643995600449,4162.395880029996,0.07653711019023546,0.29060180766138827,170.43335857873114,5167.59151027517,4648.053920089597,0.08446368392116833
NGC5907_rotmod.dat,True,19,nested,9.413164674026157e-11,1.4397823973582919e+29,263.6601484130111,9097.16648945942,16937.2922746085,53604.27517865531,10092.535111565718,51683.59912439631,0.07077467631435212,0.05593624697862494,1.0164814807554716,260.9358724224606,16607.134416968245,10082.910391896541,0.07040479229169365,1.7295226783862119,3.9532281122193017e-11,3.42831438418799e+29,106.01457084607956,10810.494771010344,7113.816898421165,0.044082995351067376,0.4389710410210377,484.0173768919134,19646.643693102367,14334.703918435127,0.08433516132153897
NGC5985_rotmod.dat,True,33,nested,3.369486357598105e-10,4.022247714562282e+28,854.3498386975597,749.3949193921316,30239.534208652076,28990.745323084277,23960.127480914376,20831.6496914543,0.0930301219607572,0.08530576520627431,1.0118685965603818,853.0536076079346,29898.371921205682,24001.744304322714,0.0929322787624667,2.0,1.1192008869198977e-10,1.2109451448341963e+29,646.4232058657971,26296.18467704597,20086.829355681853,0.07912869490142786,1.0636528226497801,704.0946931046819,26547.24661463625,21101.840553889728,0.08419911021235607
NGC6015_rotmod.dat,True,44,nested,1.6652214522253255e-10,8.138802669750789e+28,693.8825978364688,3574.414115247764,9657.601534864089,23481.286095415904,8120.842387833222,21007.693510023844,0.06666669698052587,0.05977469064807665,1.0213529056720794,688.7948551179459,9897.771757111545,8343.382869514639,0.06640693881030499,1.8039624091294109,5.819375697471224e-11,2.328928308750903e+29,454.9162834078117,9645.995548702072,8602.652741170004,0.06354036188758003,0.6552146184891472,612.6070327086813,9511.629711546879,8118.263645175794,0.0635167851654956
NGC6195_rotmod.dat,True,23,nested,5.0150561293799125e-11,2.7024440906454054e+29,61.254776572177384,4631.577074810318,8568.966667396955,87939.65319359001,6240.04687277133,86270.07158330113,0.03360150774483718,0.04456177237479895,1.0212030414222462,58.290882018161085,9044.302289336882,6761.531384417115,0.033673728865530536,1.0549973638777106,4.271296464992076e-11,3.17301992783189e+29,53.41057774457761,9081.764116522063,6666.7999828664415,0.03540431457418513,0.47543478665741445,382.2883219336404,21486.51628331011,18405.43115357502,0.06773765274732714
NGC6503_rotmod.dat,True,31,nested,1.2197233338202439e-10,1.1111461448105016e+29,107.8111955111274,7621.0733159877645,4254.667385715501,24356.879752391,2622.318504829659,22988.7258944141,0.03789550240267514,0.05023874931404121,0.9881885104911365,105.96544473595524,4191.7401892246435,2638.710542235393,0.03774852247345307,0.6562845434442754,1.9644282729775489e-10,6.899161953393785e+28,44.92442125929575,3373.3510766797576,1849.941040155527,0.03644549888421827,0.4901170753156357,82.80584784950341,3878.9596301851752,2403.026625689157,0.037436120665212604
NGC6674_rotmod.dat,True,15,nested,1.3887360993975037e-10,9.759167927569268e+28,187.2919778495258,3052.7037695451486,21343.203026112376,31659.499725880956,13860.856169121043,29710.840245694195,0.06414423167590792,0.046648291029816956,1.0045347221083312,187.0961301593328,21181.021743892892,13753.860122352075,0.06404179183567378,2.0,5.127017755535141e-11,2.643429269669685e+29,132.89193077386366,13235.000661993257,10374.784218457631,0.0463471572141908,0.5990850270598739,188.78681830383815,21355.42806400139,13785.26650380297,0.06587915673808332
NGC6789_rotmod.dat,True,4,nested,6.831624465504065e-10,1.9838486248084154e+28,4.181102989881089,11.61531462027519,6742.457434406789,11642.618578389878,5639.44018565936,8130.8270446513925,0.14504929861708565,0.146579543081099,0.9686762797873825,4.169974400607472,6857.636060038217,5695.711163405254,0.14467713176658073,0.6318483654434092,1e-09,1.3552908801097765e+28,3.8576168337791863,6672.290798521779,5501.635102762186,0.1392530967347687,1.9937848525593314,4.816027375321774,7331.9210864965435,6083.880702163823,0.15312760782306284
NGC6946_rotmod.dat,True,58,nested,7.26252553024269e-11,1.866142672361094e+29,101.97352344366575,28524.4961204278,6456.957351229706,57833.00739022523,4217.527053745936,57472.15895260861,0.03166578568107622,0.025714490984672714,0.9958718585317466,101.52642271005513,6358.565185953233,4183.8642256630255,0.03158919769165681,0.9395387313576172,8.213532384251497e-11,1.6500706598641903e+29,95.64553577923115,6000.090263850687,4219.642953030752,0.029112194914506874,0.41172521375853915,158.54620415768736,6813.250841389446,5536.7619471860235,0.03678298976046116
NGC7331_rotmod.dat,True,36,nested,7.054031617643132e-11,1.921299695793824e+29,228.11919743412176,18286.363158124266,14308.874432845521,97529.8385435131,10962.837694500478,93418.64330432512,0.04720076968622806,0.06750328248903692,0.954034453512721,196.38862391250706,12609.2531025202,9746.242727267912,0.044751947783534904,0.715337964110324,1.2156356543318916e-10,1.1148824693321773e+29,51.19259723910253,5294.643103672433,4103.056094063328,0.018468037767718767,0.3762219564125792,46.539036767815865,5428.4554488840295,4487.015643271138,0.01926649293110039
NGC7793_rotmod.dat,True,46,nested,9.822878151731728e-11,1.379728893278438e+29,34.01348157871238,564.96393182112,6019.033746380741,20537.38690728842,4867.742617591684,19351.189104246943,0.1579112413401426,0.16375230897051746,1.0011863212952625,34.01261122776535,6012.830669344481,4865.528824480571,0.1579191435222014,1.0408739978343353,9.222267295287532e-11,1.4695853380895975e+29,33.98343735044858,6039.889908221938,4887.392293206342,0.15841220732336928,0.4589518836992301,37.38517225457156,6015.431046725295,4743.466657689022,0.15663541127090394
NGC7814_rotmod.dat,True,18,nested,1.8306189249027788e-10,7.403457167808717e+28,13.762523508651107,319.81460813530504,6687.394654945548,31882.52792711886,4780.269719611934,22268.55152857607,0.022633025608590606,0.06903914172271178,0.9920605298489302,13.43359280765618,6390.353255145065,4676.8254051147105,0.02229288899706171,0.813378123983222,2.531260795010522e-10,5.354212741655262e+28,6.455337435693894,2938.587539227264,2466.541994758214,0.010297674099307487,0.8284458985346661,81.32367570438177,18383.72673112551,12430.96555861344,0.059098613104493
PGC51017_rotmod.dat,False,6,nested,2.2933183785695057e-12,5.909737142363814e+30,9.690546369029871,1150.2645642327038,4722.151273987909,25883.294805370922,2724.585374253314,23644.719244724034,0.26025430083934087,0.2822170946858396,1.1429713861119841,9.111944573640626,4561.729360293605,2821.4641059659007,0.2554248432909487,1.5010705428019424,1e-12,1.3552908801097765e+31,6.878344661870644,4269.022117477491,2259.443995918738,0.2337328614708473,0.1,480.2296064299612,17124.53690061287,15712.338003214294,0.33609331713072343
UGC00128_rotmod.dat,True,22,nested,1.479246364240061e-10,9.162036242732532e+28,895.0865569465036,6365.992258268857,7666.087960205697,17598.786406766532,6548.690765729654,15808.040623092405,0.07386631588885115,0.07087420362230817,1.0738800150857406,833.577269788882,7627.909277233181,6642.491617950538,0.07204629935755158,2.0,7.984087255540217e-11,1.6974900658423166e+29,179.585781058615,4639.3726306008675,3301.8871207874963,0.06692781283135672,0.5498754905016401,2058.663267186496,11690.891744005967,10699.37232010156,0.0909636209660426
UGC00191_rotmod.dat,True,9,nested,1.1149137375619428e-10,1.2156015613131493e+29,36.21098675090551,1114.7406811057713,6152.731818558421,10031.48444102586,4361.670830256189,8571.691524765345,0.07946309774708778,0.07743741029494397,1.0395146173912382,34.85426352671817,5852.603054338563,4221.7789201255055,0.07875879823019985,1.719953057921994,6.86135661027617e-11,1.9752520632435487e+29,18.53634367340601,4669.38960768824,3224.8964910151826,0.0746608193298261,0.3414186460872591,191.22460718385992,9517.406636421216,7853.585570544226,0.1144072996789799
UGC00634_rotmod.dat,True,4,nested,1.8536616226981884e-10,7.311425470075904e+28,6.034512471597771,74.36618809010508,4873.995135459223,9792.021600643786,2797.8259486958777,8822.024553157113,0.04882539425275806,0.05609484634214752,0.9723806471992544,5.838677879625838,4618.869224898201,2593.8776008596215,0.0475734942426555,0.5741382813482031,2.362923426429216e-10,5.735652983718792e+28,2.3772804698387358,2472.289969237255,1880.165006890289,0.02486938104689355,0.5771285391137995,2.7213414386955908,3068.8132768249184,2081.3757692813633,0.03169163928908118
UGC00731_rotmod.dat,True,12,nested,1.8051882862071208e-10,7.507753570445423e+28,147.63525424023157,153.1772662605802,9882.63208905965,10431.315206550807,9236.323576523317,9238.53989308705,0.16666593882929656,0.15605280613190461,2.0,105.09907835858749,8730.074712483021,7549.17704781339,0.12227734508490722,2.0,1.4333723926948982e-10,9.455260105586937e+28,88.03201687545626,7705.42354771398,7204.464865114285,0.12251351718403881,1.3599668544841037,146.23396935538005,10334.285928660222,8738.264744470276,0.13646525981960533
UGC00891_rotmod.dat,True,5,nested,1.270486018026964e-10,1.0667499373306857e+29,68.27957147483436,709.5086500227592,6171.656086707876,11885.74884950673,4943.146259024671,11092.58965335538,0.13941540582568274,0.1440057456135853,0.9518771344151921,67.57219980675147,5990.327965329681,4857.407632915466,0.13749379981554735,0.1,2.0947196852027717e-10,6.470034581159639e+28,37.38717061893665,3192.7336815680146,2914.354524512558,0.07041268211040834,0.1,44.03506279243727,3563.630300178701,3012.9112945856623,0.0729762180598415
UGC01230_rotmod.dat,False,11,nested,1.0646619801307909e-10,1.2729776261412872e+29,22.600342973440682,51.84169139661651,15236.588139618421,22597.40279489649,13647.116547267984,18214.214227312095,0.1773184329011386,0.17603657488391042,1.3700072639108791,19.53419186859924,13836.853756432354,11838.998883349925,0.17225802763906173,2.0,5.96882487535919e-11,2.2706159225826145e+29,12.691259106058348,11427.68920624849,10462.016597601227,0.1679731348696041,0.5503699552213885,40.372839853776625,19709.420342077585,16112.188800198992,0.1895828277495266
UGC01281_rotmod.dat,True,25,nested,1.3268073522233167e-10,1.021467719363124e+29,15.414862248163033,60.604691748381626,3459.07166732213,7113.192537880645,3073.839358046114,6716.166656743851,2.226768785319429,2.2680289164774283,0.8549946572595278,14.111468465464627,3281.0566431836905,2957.0203608143865,2.2183225226460594,0.35019398555876924,2.564823454927147e-10,5.284148807615583e+28,4.482520588805421,1747.3058974211044,1298.8300089805346,2.1703358083367323,0.36412342695671956,5.286810708872469,1955.899846587714,1553.5176202987468,2.2163862629818563
UGC02023_rotmod.dat,False,5,nested,3.143391929936655e-11,4.311555511746471e+29,2.6344180012438088,34.36236719190339,6307.788411538985,22781.185031075514,5793.640784595527,22410.110522676536,0.15890484375678082,0.16194333433254296,0.951880487231882,2.618554100570683,6288.767658517935,5756.213949585553,0.1578936253073126,0.1,2.1901989958775914e-10,6.187980556381931e+28,1.0034450872297378,3892.97468657965,3604.2983077250865,0.08553972306294642,0.1,1.119114717210318,4111.232878257472,3754.3402969479057,0.0909997412361565
UGC02259_rotmod.dat,True,8,nested,2.676938408746116e-10,5.062839233363602e+28,54.74937386187323,45.92909204134869,6506.21442547682,6086.724830076841,5134.755662881885,4485.709877121974,0.09089151052850557,0.08445680762698227,1.0370181941701813,53.807107781208416,6370.968229847862,5272.84884143566,0.08974453121577418,2.0,1.2527092590152343e-10,1.0818878126399278e+29,29.546086462671855,5017.3539362544225,3751.779926094756,0.07102601513317026,1.054264103736518,43.67349276762883,5829.183966635664,4706.260963403778,0.0828658906162669
UGC02455_rotmod.dat,False,8,nested,1e-12,1.3552908801097765e+31,153.83143395442372,2061.711402732313,15961.692294845072,58434.63378173305,14197.991724210564,57403.10903897045,0.24718118093103916,0.19781838792638015,0.5138169810661317,64.88163825706567,10366.145343441416,8377.06654847801,0.22075460550549564,0.1,4.8127790395733186e-11,2.816025562291202e+29,15.303901676012227,5034.513080309897,4302.091984698514,0.10096429816166964,0.1,174.97160833183793,17023.16003916987,16416.090140558867,0.107493581787839
UGC02487_rotmod.dat,True,17,nested,2.4672399439156225e-10,5.493145826582509e+28,256.3903747408619,141.35651016233248,22760.29333739425,8822.005675857845,16671.381386749465,7847.226976236845,0.04723231103590069,0.021356068767681556,1.0091287569147758,255.196685532231,22234.34316497038,16360.623152741395,0.047083548551475826,2.0,8.744006908439052e-11,1.5499654726962219e+29,106.46795943709654,7787.903183871095,6642.879745465851,0.018097850018147173,0.9634410932955941,118.15735725309642,10083.96403490319,8252.111100528145,0.022208710187873053
UGC02885_rotmod.dat,True,19,nested,1.3075906328678864e-10,1.0364794959851241e+29,57.91454041788013,440.54804083344294,17458.905195355797,48152.610512031264,8804.430774916837,47126.53500125711,0.055164032189354555,0.04879104493578102,1.0570476734627545,53.96452351008707,16853.005902444424,9082.85704050624,0.05330342156803546,1.4255936942434055,7.622359622061202e-11,1.778046362686946e+29,26.860808982947844,11890.024342179468,9691.010934644675,0.0363852872134053,0.6215395232394672,74.0379360202926,19740.145578876163,11569.43647457593,0.06382458088261354
UGC02916_rotmod.dat,True,43,nested,6.692590389460434e-11,2.02506174925049e+29,1223.9321789329515,22890.671219610493,20532.20599104094,59117.40745618496,15996.215499244114,56102.92299368572,0.10310129894522378,0.10373004731535211,0.938376691681765,1037.6126908566318,20591.650681694155,16199.991798400994,0.10341067264043276,0.7287782458559456,1.4575491047210219e-10,9.298423467998234e+28,472.25114368685684,21942.323803838448,13893.136308581243,0.11879755195466231,0.5280877822844697,546.4982692910228,22510.072049761133,15161.54734894488,0.11853555935115674
UGC02953_rotmod.dat,True,115,nested,1.968873694553787e-10,6.883584680209418e+28,2461.4557867075214,38515.099463748746,22289.375161975422,49596.677801903345,12405.940875344895,45239.50928677695,0.11668755386181545,0.11902149297865557,1.0178952182356502,2391.661312906268,22003.119370277724,12532.322878122228,0.11640578047425038,1.330039264834814,1.1753814183240505e-10,1.1530647490090959e+29,889.9652514113358,24156.765070984435,14680.265082109632,0.11264863944246613,0.713407155030649,723.1185898975887,22117.33222643648,11556.74517302824,0.11721248139203422
UGC03205_rotmod.dat,True,48,nested,1.3703120894410253e-10,9.890381107727246e+28,419.376793780517,4306.858841465104,18538.597793395216,32533.994756060565,13069.21305136707,28887.122746984085,0.07038094804969436,0.06412021452531712,1.0215940819059053,413.29378319580496,17782.93418267687,12972.636456605062,0.07005298064109623,1.613131910322618,6.395469047873984e-11,2.119142270824232e+29,192.83607587797422,13646.012553408691,10127.350047976224,0.06559637588002973,0.6203060751550034,420.8280671727263,17888.279272485506,12627.918386983467,0.07290439511707231
UGC03546_rotmod.dat,True,30,nested,9.188212844515464e-11,1.4750320906189752e+29,56.40213541016148,21390.742488632855,23324.44749147912,79753.10291189318,16231.427600697061,74639.3030998989,0.05904277149863951,0.0662432157944174,0.9955970276779161,55.761340303891664,22967.65847025936,15931.443553934158,0.0587739948513926,0.789385159266431,1.3357991447733306e-10,1.014591816002213e+29,26.225131062152514,8976.412424252243,6274.5184742613465,0.028991452836196824,0.501418213615379,30.98675222012554,8698.423546952432,6303.830051727198,0.025260705461021354
UGC03580_rotmod.dat,True,47,nested,6.622260185766714e-11,2.0465684556199043e+29,2422.073890143921,15588.661346617557,20442.505918606366,45663.00586998097,17226.939435229502,42420.41033381453,0.1708765975278451,0.16975968608630815,0.8091704554869416,2038.842303699573,16367.83866747734,14208.001439582536,0.16040552953684334,0.19944308573036518,3.188118059745435e-10,4.251068670330213e+28,200.13916254309441,8036.22315888901,5876.355010083796,0.12540797864342215,0.27428282227000184,343.0377082804455,8822.832669776582,6793.439496051353,0.12492062732060841
UGC04278_rotmod.dat,True,25,nested,1.7352655353533288e-10,7.810279478833866e+28,60.77207516059057,103.84343818834783,6710.199696138635,8839.068655693585,6136.716424159092,7490.27725733079,0.14400690221916795,0.14748630213995334,0.9668333479646616,60.46290397719559,6706.8261688973735,6113.569340510721,0.14334297346415492,0.6713946922187144,2.7167321750670183e-10,4.988680491025373e+28,56.77666062163713,6348.294553951235,5863.244916247737,0.13716171999031765,0.6765439035209432,58.01485334731974,6447.1575691359085,5798.360523554309,0.13984718490854356
UGC04305_rotmod.dat,False,22,nested,5.282729340674323e-12,2.5655126218084425e+30,38.18715079403975,2344.7121400769006,4810.537954573739,33539.778359331016,3684.9506916448795,31440.439492655558,0.18857605942907393,0.1989053590394774,1.149494259876591,36.072807301736276,4516.77415231723,3750.473505921537,0.18567416390960043,1.8427462125370038,1e-12,1.3552908801097765e+31,21.969159667999648,3476.374292608925,2618.4543820276776,0.15946089536220012,0.1,855.3399591404194,19617.719296526484,15115.296964249877,0.2636432783226699
UGC04325_rotmod.dat,True,8,nested,3.138814792251506e-10,4.317842784019798e+28,56.39756532164019,56.90890910838175,8115.194889957525,8155.304753316171,7169.4298377716605,6440.7226098738765,0.09241797396890471,0.08777425941681291,1.0488857367218174,55.70904427007574,8063.8468796086645,7275.426312963691,0.09129076771720669,2.0,1.389290479866635e-10,9.755273643276371e+28,40.88741399318858,6910.209394651887,6122.205646357158,0.07809461449898587,1.1825556329427565,46.98050674384922,7405.993168613556,6684.437616577294,0.084037697910665
UGC04483_rotmod.dat,True,8,nested,5.969055347821713e-11,2.270528251349458e+29,3.461880423493741,156.69871346458007,1260.9264862367654,7017.9220000931355,914.6774076283673,6880.077863323592,0.0968492393166477,0.10355581171921778,0.9289932132342315,3.3701873707479,1210.2373852952257,908.852174670128,0.0933465101035223,0.5898218583395407,7.561200098345191e-11,1.792428268637394e+29,2.8407065648149117,1002.1530831031941,836.0520742211241,0.07315195791497622,0.1,46.58787945997515,3662.4072053524133,3167.2974783755417,0.04756147118752522
UGC04499_rotmod.dat,True,9,nested,8.444803022208899e-11,1.6048815781084666e+29,9.726411358394765,326.35499490550546,3925.9328750077175,17458.76130655815,2518.146098292183,17236.70024189549,0.0985060358477241,0.10278823540101767,0.9819950376843257,9.67529496104609,3886.9064539763435,2518.984656962018,0.09792738594618969,0.744721055083517,1.0731691493381256e-10,1.2628865458400932e+29,8.869922604674661,3578.562203763732,2490.9018733100506,0.08877693348417597,0.20690130649903035,25.004236309083737,4708.191838541564,3788.9833746736485,0.07411337066995202
UGC05005_rotmod.dat,True,11,nested,6.710556196148945e-11,2.0196401617015754e+29,6.177267681751202,74.58644245234295,7236.839310543268,25267.03080091468,6496.448360048289,24954.080949667332,0.14835671057794603,0.1517011040894468,0.7872421417774136,5.173239779532331,7004.432637963662,6145.335846422557,0.13596669033739803,0.32695683084539273,1.3061819534007655e-10,1.0375973091506519e+29,1.4366862206624447,3925.4455306184177,3409.3469535006366,0.09586031552664634,0.10581715117167043,5.433561795177443,7021.250865804097,5230.140982821408,0.07977086946963162
UGC05253_rotmod.dat,True,73,nested,1.2991814790243298e-10,1.0431882704543973e+29,236.5091319831041,18108.983042151336,15915.460315676688,48180.49351635535,7013.990739963705,47037.36387047511,0.07490213379385201,0.07054401413636759,1.0077375185583206,232.2972071547713,15854.452448137376,7099.772600913912,0.07471764002870554,1.0255337876529824,1.229868889061499e-10,1.1019799688924449e+29,222.48731845796763,15520.64108017122,6798.186389073712,0.07321192170073391,0.6508030071035995,371.6217770688837,16613.185112793184,8546.324447973251,0.07751476221318718
UGC05414_rotmod.dat,True,6,nested,6.402037050117014e-11,2.116968192311547e+29,9.029339565156482,265.76034305351294,3011.827338894302,16309.846930068697,2460.378633006647,16254.533981855891,0.07898880807629825,0.08326865873761989,0.9626470040569427,8.880883969442143,2984.953438195575,2491.301004995233,0.0777656280776946,0.1679036379111411,2.2795298194970602e-10,5.94548432101142e+28,0.3065319933086935,554.5234630472394,484.68312005317665,0.01415938758778505,0.15316593397163306,0.3241367599711508,569.4911981386471,499.1794029056794,0.013008870444677618
UGC05716_rotmod.dat,True,12,nested,1.6382559260931078e-10,8.272766534969033e+28,153.0041761977271,852.3478097648432,3195.2872278032332,7369.060632669554,2649.221289331814,6487.44488504915,0.04199448340141983,0.03434301438171172,1.0974328925402659,134.26305463445834,3201.806861641337,2373.547677064246,0.03696426266871348,1.6645773026170614,1.1401056539374888e-10,1.1887414779754141e+29,50.29973331268951,1905.2230976109595,1576.0741969239273,0.025746882236960655,0.6264170316390344,375.59173675189993,5534.922389328836,4135.94049632207,0.0617249798136688
UGC05721_rotmod.dat,True,23,nested,4.5431609946175304e-10,2.983145175166465e+28,32.608994675448436,105.323813157556,5732.21834687765,10219.975718648713,5268.157662566262,8953.767667335958,0.08953556138152256,0.1060595215317228,1.0135325563538176,32.574392393495685,5726.221116931542,5267.220732457055,0.08977935426285072,1.093255753942777,4.229697673547224e-10,3.2042263648909107e+28,32.38073882181785,5721.351229185198,5251.038811726794,0.09154244016593559,1.5370591786628292,58.54287439280793,7683.878196784285,6951.470834351139,0.1255506156024696
UGC05750_rotmod.dat,True,11,nested,5.5137721191880814e-11,2.4580103254418626e+29,5.150116099472378,97.75034585915358,5474.178706512181,23452.80939622054,4517.772916980139,22273.901032270947,0.27657707849896085,0.28256708614546927,1.0180288261772645,5.140901124872379,5500.483838184423,4476.162568925071,0.27681401674355355,1.5448428097846307,3.3780201928292196e-11,4.012086378248287e+29,4.930133520754061,5248.705012871764,4105.728433991899,0.28064978882029523,0.12507224627944855,10.541106960534506,9770.285318971884,5617.023274937202,0.24880442034564546
UGC05764_rotmod.dat,True,10,nested,4.685022514849158e-10,2.892816151500207e+28,297.4345437324912,1387.0223429436533,6672.474986956298,6656.355269567027,5095.927423493177,6115.7249856873705,0.11526489554146874,0.10941535069641724,1.2085561004791177,282.1003357527957,6911.463368019133,4999.395357102628,0.10836063232208232,2.0,3.4639460773141673e-10,3.9125634460240375e+28,195.71511703982773,5829.671449534285,4175.912460220362,0.091227433461237,2.0,477.26448317488183,4603.825763467582,4054.504094934446,0.08595029957830808
UGC05829_rotmod.dat,True,11,nested,8.840358003199956e-11,1.5330723932438031e+29,1.8671580293657943,63.240821562258965,2084.7055017800053,12132.573357219562,1569.1024635644274,11004.710554054855,0.04902678466583985,0.03904276837323106,1.124227386872796,1.5472447456673737,1897.7267637927696,1635.0044004565432,0.042172895208919876,1.682347262415833,6.206811527513286e-11,2.1835541068100772e+29,0.5092278894357698,1088.705118684898,986.5877359976604,0.030625036126861814,0.30035096919021537,26.575791818659845,7864.973810325922,6739.7408750711975,0.13487708588038844
UGC05918_rotmod.dat,True,8,nested,1.0982775710777648e-10,1.2340148936846618e+29,3.5214515465712455,31.288836696235215,2607.4045282531015,7772.169532132609,2022.4127915579581,6600.856935361681,0.06831555702065104,0.0632858582899017,1.069849224009014,3.411074944799332,2566.2158769024873,2029.6317247641146,0.06619544726614103,2.0,5.706882101802704e-11,2.3748359540871958e+29,1.8621079740486723,1896.050877758306,1412.541470709465,0.04964606052104077,0.3593326553251922,8.08341325521536,3950.435251106448,3320.2601550975032,0.09945824306647551
UGC05986_rotmod.dat,True,15,nested,2.5218074551247516e-10,5.374283739845362e+28,70.41441016421304,100.62561281255506,5782.935774949366,6758.778497894843,4644.782921967838,4615.987876188812,0.10036495187446744,0.10667355312679871,0.9807821495206162,69.93793247041349,5780.254517173463,4789.388816680678,0.1000356981681675,0.31336147728416,8.320083219424909e-10,1.6289390915532877e+28,36.05161033087878,5403.2689546041465,3949.8494987803488,0.07976938063754586,0.8949421457189807,82.31573758809932,6233.097949292247,5228.75509464231,0.10431780346670412
UGC05999_rotmod.dat,False,5,nested,9.94855088963254e-11,1.3622997913416067e+29,11.770185292686389,82.10449518146213,7671.435749807981,20261.354246627016,6690.669326454644,19134.30235183267,0.10969484729197888,0.11252613496439919,0.9481988817575394,11.671626870374428,7639.249593505382,6874.750635245725,0.1082562411952558,0.6216569147750579,1.331862383617063e-10,1.0175907787327745e+29,10.898292949753458,7381.83342732463,6996.956476107004,0.09745679286449858,0.1847503595158815,14.79320669431333,8600.350776076908,6802.251059898132,0.08585466289198493
UGC06399_rotmod.dat,True,9,nested,1.5948059394181298e-10,8.498155459618234e+28,2.811868971089863,32.23623609026944,3327.8201601280775,9349.714963213903,2077.123117971208,9171.796554359556,0.08287457795979786,0.08524190459905417,0.9953979862135092,2.8093063575051094,3315.4542504531973,2091.6426516438087,0.08280485493815815,0.748079708124552,2.1566488705469258e-10,6.284244499041121e+28,2.643455949998752,3154.7330504523616,2268.540351449219,0.07838708234089994,0.6200114462401535,2.631570045568654,3141.97026137205,2281.1416398806855,0.07795514648822191
UGC06446_rotmod.dat,True,17,nested,2.431251332045304e-10,5.574458149374587e+28,20.820983378355677,15.11034354246218,6013.0061774208925,5316.150249762587,5271.868683190756,4564.103546155832,0.0723422640562201,0.06367654044521825,1.1393177586135226,18.29486504196066,6039.64375632581,4935.383261100877,0.0658820123862857,2.0,1.3656946368317563e-10,9.923820768996242e+28,4.546548835969053,3049.4610828916343,2411.542360139846,0.04648726533312109,1.0736218406999638,14.270003240693743,5384.991129330591,4380.170988326839,0.06052768762667207
UGC06614_rotmod.dat,True,13,nested,4.9342932003421646e-11,2.7466768290457384e+29,31.49008833153873,473.74145174978906,17815.302308690287,61547.40612211362,16834.06128168771,59437.36866725718,0.08201693407810316,0.07096030859278189,0.9341445841115822,29.55740323773307,18063.231266602954,15868.91476332698,0.07916124684591144,0.263114963694057,3.3662314573884426e-10,4.026136934627856e+28,8.427963732494984,11482.780485110045,8867.019398060578,0.052669862332850106,0.3763670263218771,8.115769601148635,9550.856862989638,8348.582460450007,0.043536410557799776
UGC06628_rotmod.dat,False,7,nested,4.7341988918013226e-12,2.8627670934080673e+30,2.519083865863477,207.33722859006568,4961.097962139518,45008.56163194717,4271.186557750201,42547.188408612135,0.11271289208449847,0.11826881709948449,1.0919312868910307,2.406307189925938,4848.77491169361,4166.064287777388,0.10892677585759054,1.5338456118272041,1e-12,1.3552908801097765e+31,1.4143616977716165,3717.378072926523,3113.552926550037,0.08260609917623268,0.1,43.08223821280555,20516.610726310064,16114.285494365802,0.23247225068880772
UGC06667_rotmod.dat,True,9,nested,4.874561228834072e-10,2.7803340987757852e+28,36.84128916334794,127.21868803094613,6354.807141341305,12186.80424720079,5582.052047480272,11482.943812599404,0.09075278732670206,0.08592803113164461,1.1382771137204253,35.477902821643625,6243.500279907293,5465.047070516364,0.085611598627561,2.0,3.132568703291022e-10,4.326452213756498e+28,25.908292596733645,5388.116019829115,4671.559687508492,0.0688328049901162,2.0,34.04595840000855,6256.071223296352,5559.196852906832,0.06572475460770821
UGC06786_rotmod.dat,True,45,nested,2.8595025814967803e-10,4.739603625048528e+28,166.5145397977665,910.1166068548467,11420.955896394627,18235.20550363016,6788.7875792627765,15639.937264782016,0.06650746684495,0.07013821674682162,0.9913206909805616,164.7867546519123,11315.828279476022,6681.441997731377,0.06665322592045204,0.5820702858964784,5.868962111048816e-10,2.3092513709678364e+28,59.200995595393756,14558.239192805497,7163.221219016793,0.0911541585499621,0.9587995706579492,856.6631163101401,16174.206062796244,13986.387254824725,0.06902478531369774
UGC06787_rotmod.dat,True,71,nested,2.4130356436795496e-10,5.616538999992321e+28,1937.6722848739928,4892.390483714256,16893.733449032286,40089.27126831088,13548.48560552383,32747.889746555207,0.05771347149964767,0.10519422607999526,0.9838962494914555,1920.1553325966809,16344.561202316194,12995.828178929523,0.05727420288662792,0.6185802228192179,4.910640487378336e-10,2.7599065408946913e+28,1545.9038755173701,18075.342441239834,13593.703270637312,0.06509927126197591,0.8875007324995596,3585.4926803972016,30791.23086939505,25290.57741533008,0.09804055062237661
UGC06818_rotmod.dat,True,8,nested,4.834114564352417e-11,2.8035969401799495e+29,38.546856611623355,197.7277691986084,11245.821555520888,23632.522233023836,10704.83176634318,21927.826453187387,0.21247778403032644,0.2126481134136507,0.9038638463995808,37.98578868060065,11351.965587663848,10734.416288050616,0.20974330586918374,0.1,3.8631493101726653e-10,3.5082539433330916e+28,10.62246703937692,5618.493142576506,4812.527629970718,0.11109842473496455,0.15862262525744159,18.385662332226325,7752.932821413002,7036.891770191954,0.142128010484447
UGC06917_rotmod.dat,True,11,nested,1.3863763072511515e-10,9.775779296149328e+28,10.039780055133534,155.03987007798955,3558.270660667235,15010.050528843378,2773.745107420634,14682.851803821133,0.042308289188742465,0.04609538426717776,0.9961573513372589,10.03382006377845,3560.0352286317707,2767.90832137344,0.042279121398130004,0.7852150581503847,1.8592112037690512e-10,7.289601511448986e+28,9.635050320023122,3596.2982954887366,2978.739876331321,0.04059383425283239,0.569626541714518,10.183752180053926,3784.2053586807724,3271.6031934407724,0.04123314055905262
UGC06923_rotmod.dat,True,6,nested,8.397833437935111e-11,1.6138577766827204e+29,5.9253105815904785,100.04779938717986,6262.183341465804,22101.520043501354,4690.336091154483,21692.262700201947,0.09569711214923506,0.10423791167907905,0.9802981769793042,5.896540881265685,6157.091190947151,4817.27263959028,0.09526210635946945,0.21648044032928562,3.388460329599284e-10,3.999724796158531e+28,3.2757792319622783,3884.6745681937414,3702.8586483404747,0.052831359012646,0.3258189426777227,3.8290960054870715,4618.138043280066,3837.4131756004826,0.07033269827049818
UGC06930_rotmod.dat,True,10,nested,9.632495701007588e-11,1.4069986867141908e+29,6.083608694704357,152.03631972465456,5238.213538364061,24044.489642659188,4393.047691169975,22949.997763197563,0.05518093441248352,0.05414556013856964,1.027336772859023,5.981779875526869,5230.052967806241,4489.865876077559,0.054732511490042525,2.0,4.0899377855900153e-11,3.313720039666232e+29,3.4169774286005965,4256.167878455972,3188.687395886666,0.05307019578406199,0.37852502544904765,17.74958636712961,8967.317444991371,7643.156049215262,0.08194377766325756
UGC06973_rotmod.dat,False,9,nested,3.1838766549472805e-11,4.2567317361489234e+29,500.8892303102594,4386.054731516272,36360.07259195188,101210.295803278,29116.525403335978,90120.04616039849,0.16393389609991071,0.14731671143988928,0.7363183271490003,295.64695982182377,33457.750929923954,29322.926015569738,0.15174212166530218,0.15228697641457783,1e-09,1.3552908801097765e+28,5.495951373903324,5127.31539199828,3826.9326985460907,0.0236381305834552,0.2849810402783098,111.0335536090412,20685.13451519492,17844.138556222522,0.09308988360573495
UGC06983_rotmod.dat,True,17,nested,1.8816477218468285e-10,7.202681269050536e+28,15.665971474982795,50.80653857782644,6518.3288441431105,11329.662079204181,5251.377165788168,9678.625522168799,0.06438145989016299,0.06414316741188913,1.028468210346038,15.402697323333236,6658.854200014523,5061.305752310062,0.06393850831938766,1.728606008095741,1.011363756409586e-10,1.3400627336312273e+29,10.898316813904527,5205.512231022783,3007.8430706078266,0.06209097200214057,0.7460189618646005,18.7656656989972,7439.1251662919,5765.204061154414,0.06772123421386385
UGC07089_rotmod.dat,True,12,nested,3.9775001830902997e-11,3.407393633497685e+29,7.959861094208751,411.4339441734103,4377.430117248029,27989.8258366171,3716.9542091204494,27620.682464134487,0.07180618043761727,0.07271645696047972,0.977114862386396,7.899124877234602,4472.905945825699,3810.4624038613583,0.07133754818794834,0.17098202903522622,2.0945837083029887e-10,6.470454605071954e+28,1.5865466659048741,1709.0762045805889,1392.5976940853423,0.029620418955480135,0.13385281036159138,1.6054391103856256,1723.6265115831552,1403.8188082022773,0.028798514908239776
UGC07125_rotmod.dat,True,13,nested,2.3275985856653528e-11,5.8227002218355515e+29,15.988442996287882,3141.4575678975652,2923.2652792474983,38841.79912955171,2535.997580092773,37978.960460052695,0.05214448728018453,0.04977153588001238,1.0523983173105793,15.330858844100382,3000.668406419189,2557.824083811698,0.051764874062102506,1.5471374423676088,1.540895147134667e-11,8.795477632790094e+29,10.309059744146026,2461.733700624872,1993.4617005322907,0.0556082619290722,0.1,949.4608440361593,23188.47442179029,18809.471229996634,0.12644295067243344
UGC07151_rotmod.dat,True,11,nested,9.800254334322254e-11,1.382913987612856e+29,19.726189937173693,413.42081203443445,3253.620007846373,16113.455510284552,2652.4086755027774,15636.352595962213,0.06648555041249546,0.06687213862247537,1.0120115836832972,19.65788238318181,3285.7401579778807,2729.3755145882246,0.06649259967545193,1.9256110327367206,3.84749884956111e-11,3.5225244583617655e+29,16.12639863916581,2881.867701197835,2035.1481880827423,0.07023510971626751,0.4365880107590901,35.112992228833306,4731.792067527454,4100.0587920892585,0.07171927308501935
UGC07232_rotmod.dat,True,4,nested,1.2588287532886612e-10,1.0766284743410175e+29,7.871288490612465,20.69015676750237,4629.209750669377,7505.26160766733,3977.0601136594496,6380.369072291707,0.13123981269975743,0.1359000789385883,0.9444637063300825,7.796367318143766,4607.126004750293,3921.756666979897,0.13006217401079043,0.1,8.500441301988417e-10,1.5943770822730673e+28,1.6063728549720586,2091.25562704836,1887.8945660363988,0.05828292922156857,0.4798633047190174,6.431949817852846,4184.612691648341,3568.2868817460358,0.11749094240841945
UGC07261_rotmod.dat,True,7,nested,1.1668841378897929e-10,1.1614613962965514e+29,2.7453934347014917,39.7157386357695,3544.620187526103,13481.826479905974,2181.920681183823,12584.364024203694,0.06741915687413076,0.06606220824108425,1.0077641336379821,2.741654223397839,3542.205488092004,2170.358977112364,0.06732105195739412,1.1622708124182672,9.723600511070302e-11,1.393815879793478e+29,2.675440953770319,3499.170436762823,2233.453298063932,0.06573968712454215,0.4941310980867168,4.636034607118483,4606.178308374911,3301.418114484162,0.0804401321698692
UGC07323_rotmod.dat,True,10,nested,5.99041886977217e-11,2.2624309077093327e+29,9.205898140974996,365.9388486963771,3713.1632857654995,23410.744420117804,3413.381874498301,23040.754278062144,0.06074751579278544,0.0636422641244381,0.9833067162496917,9.150758827924616,3702.0264705961267,3460.229968065042,0.06043493760987246,0.2413128335682376,2.9344777316293274e-10,4.6185079733328575e+28,2.1088147720512995,1777.1749480435265,1439.6824533210827,0.02731169087165947,0.27790535355521856,2.632955247523631,1985.7871851393509,1555.5530551178308,0.033525782089261415
UGC07399_rotmod.dat,True,10,nested,7.464428140413959e-10,1.8156660558790179e+28,12.544939452899506,340.630124229835,3076.49702525939,18633.276527448736,2113.1582573894666,17584.552492472878,0.04440900926252892,0.056075377614469867,0.9915193468715333,12.520857056423244,3050.929422620747,2079.6657849149933,0.04425838276215913,0.7904845048275468,9.131274816538885e-10,1.484229647381794e+28,11.868048786460912,3092.744753577247,2431.0329144112548,0.0404912287990478,2.0,53.652765423355866,7707.203868009673,7381.0804056540655,0.07793267222729262
UGC07524_rotmod.dat,True,31,nested,9.883070236923469e-11,1.3713257597283546e+29,46.66092430476877,645.3118112141453,4111.744033192888,14812.57496596901,3531.374377158119,13538.21113020712,0.07816043037599672,0.07855954932639604,1.0340047785552442,46.14784606810009,4045.638711335773,3457.106551094704,0.07833346336399225,2.0,4.75450751851016e-11,2.8505389355961335e+29,34.861354120571235,3527.6609604179525,3054.6215868147983,0.08505833608604288,0.32083397087100146,109.16774554200677,6082.361612299897,5141.897690815187,0.08556952316896733
UGC07559_rotmod.dat,True,7,nested,2.832819980119607e-11,4.7842464033049974e+29,3.5141631658127612,145.15798442939436,2288.5713850912057,14708.689053721315,1988.785806770668,14601.736177683264,0.11928093871223767,0.12236372351261703,0.918279567613216,3.4087788976336952,2253.9948460177666,2052.89328823835,0.11631854169767031,0.22313998565427418,7.464793494223374e-11,1.815577190659819e+29,1.6585790643644784,1572.2499583448723,1355.606400525018,0.0703307994257815,0.1,22.761121882864153,5824.388484047469,5271.399887087651,0.05978159192658227
UGC07577_rotmod.dat,True,9,nested,3.2944235669761357e-12,4.113893834707363e+30,1.7893002821148682,247.07514876878054,1413.447306919587,16609.346306163483,1158.7954585344162,15871.04576525592,0.1034391738879239,0.10206753950448288,0.9313684712760708,1.7559593903044235,1400.2166624899369,1088.9149460218205,0.10304311901984611,0.4255645146872048,8.195643446797685e-12,1.6536723308031835e+30,1.2588001672935614,1185.5405237516613,987.5794087594991,0.1516523566949844,0.1,72.51516399996233,8998.133334316386,8184.30999946056,2.763120075203655
UGC07603_rotmod.dat,True,12,nested,2.3443542778619185e-10,5.781083912563844e+28,31.826495351633422,42.038410850813534,4706.538641669848,5409.166689265236,3629.209528436759,3742.3280321140046,0.12050267761554338,0.12923167546637013,0.919344951709997,30.592049268467537,4614.360326697224,3905.2151502851507,0.11770004057527425,0.22894105151034388,6.403559278534384e-10,2.1164649551272195e+28,8.48571854383907,2430.253242119675,1805.4640959078308,0.07047748446842803,0.8172998255754164,33.88543595354809,4856.392261988565,4152.064347465685,0.12187048047280631
UGC07608_rotmod.dat,False,8,nested,3.138586522492703e-10,4.3181568212221475e+28,2.8529923452419244,4.623956054617022,3995.134708349678,5086.136052742358,2720.9548134086185,4642.0978677824505,0.15855413713784974,0.162532312450412,0.9361311754606021,2.819868863228134,3971.8750740287114,2863.8880030081345,0.15698756699696265,0.4936965218794584,4.2671219903944354e-10,3.176124055418671e+28,2.513927778220766,3750.226710394093,2790.826812070351,0.14327064282769886,1.3728749129223021,3.603698987666659,4490.093432517688,3309.9636770437487,0.17044065042849654
UGC07690_rotmod.dat,True,7,nested,9.053789113644432e-11,1.4969322380916709e+29,4.077106981822231,82.22630604201498,3289.3062013793374,14771.807528759808,2733.2630649387015,14400.629752005638,0.049506206533023074,0.04345478852955861,1.0394935081854206,3.9675232728463805,3244.8004356139127,2766.067550823791,0.04835824409070846,1.9160942655447954,3.6572182621978075e-11,3.705797092064485e+29,1.8795278566703844,2233.328630999501,1812.7925964409046,0.03641091413670315,0.3985531291103008,11.391367533251794,5498.144913571676,4946.299722231598,0.08109584231652205
UGC07866_rotmod.dat,True,7,nested,3.933733324206305e-11,3.445304417993888e+29,0.20596933146440174,65.80208425052054,698.1466668232266,12478.58133764439,604.4144949101925,12150.15069552701,0.03195096365785639,0.032357658498555625,0.9939218587288847,0.20552086407770948,697.3861977167571,601.2164606248726,0.031921441926955556,0.8884754913237415,4.420687354624765e-11,3.0657921978850632e+29,0.1971009028863866,682.951237144739,628.2803913691324,0.03171433435593794,0.1,6.595383733625976,3950.621506424038,3387.731443133363,0.10087580175106411
UGC08286_rotmod.dat,True,17,nested,2.6615933373634366e-10,5.092028376702814e+28,52.557617820361315,41.97752406093873,4065.7961388803255,3701.8749008734158,3021.856112247595,2580.623501104099,0.07041858045678089,0.06823397654388406,1.0401727755404113,51.11986260451139,3987.0595619947517,3145.9372479705635,0.0700037813138324,1.9119409334733237,1.3809715774257384e-10,9.814038914806392e+28,30.426388001832237,3200.204413295272,2310.5762920022585,0.06897927025515516,1.0597469538392619,38.44700511221977,3535.529415292338,2639.1852086539548,0.06795714791294577
UGC08490_rotmod.dat,True,30,nested,2.545072013050968e-10,5.325157296767756e+28,11.01018357685899,7.105010706940333,2235.440005911362,1795.7592292840957,1836.661432406903,1475.1783626850765,0.027331083248416533,0.022740007268890767,1.0386856856086617,10.413743234428905,2174.0482151530696,1785.039050260938,0.02610663715652704,1.4377515474719549,1.8811320016161974e-10,7.204655914339673e+28,5.424464921670644,1569.0767648520753,1263.3906069275185,0.02054948038465855,1.0097278372781948,7.059010037104728,1789.9365590826742,1449.5335006292453,0.02271011058025481
UGC08550_rotmod.dat,True,11,nested,1.7762813668318658e-10,7.629933553415818e+28,10.830549705038504,51.353745639978705,2059.357031907394,4444.076305131934,1857.877507013861,3980.109268625163,0.039211854238475986,0.040493671224072283,1.0159603750870596,10.77720829702577,2047.3825262970756,1867.9223803540617,0.039250490641428104,1.1159694288470359,1.630586577323471e-10,8.311676907916297e+28,10.46249378612665,2021.64973786395,1856.1520831412208,0.040133319840226736,0.6695175794829182,14.859449072690087,2397.9398424930196,2009.8930625696978,0.04124205050352844
UGC08699_rotmod.dat,True,41,nested,1.6041552705031374e-10,8.448626545263878e+28,77.84960580504875,1654.5094734859224,9770.13085509217,33213.63267577804,6547.690218611806,29629.34218112406,0.04561673383441435,0.0582612735684694,1.0260196729104958,72.12712683530353,10379.660509607174,7168.369879137342,0.045833848921127886,1.1549597816353583,1.210324964260986e-10,1.119774374758357e+29,41.17335116667827,12458.757993814746,6786.143054693133,0.053603816429960635,0.6956480848903069,36.10736313031512,10418.923160331093,6120.710895031292,0.04636461133704651
UGC08837_rotmod.dat,True,8,nested,1.9230400699602575e-11,7.047647635016704e+29,29.288388438996066,618.3477601317989,4943.755763682352,21199.99956131029,4478.767040421612,21030.680263114482,0.20723718735197924,0.2179524586784177,0.845848409603239,27.79694621511915,5210.6328682129015,4540.490095945634,0.19783863357788312,0.17768013333885227,8.310127396250481e-11,1.6308906175388863e+29,5.381083889122103,2176.662230282493,1815.7404374167497,0.06391256501331498,0.11113713938860754,58.324610701477255,6814.562612268077,5841.339206311421,0.15353999811721608
UGC09037_rotmod.dat,True,22,nested,3.4745597878475686e-11,3.900611769151212e+29,160.51814140167906,3864.7319403401866,13949.463219593368,71595.52412031313,10686.549889385902,70978.24102110596,0.11980717082781843,0.12049077531707211,0.8888928204912026,144.7482254625781,14144.960514245815,11263.612777219512,0.11485986977854264,0.20017109384920517,2.192432367564338e-10,6.181677027581124e+28,31.645903371480564,9155.025839963911,6370.3546643891195,0.06932306972851572,0.16553334562202934,32.72182195689777,9191.06997028771,6423.986850670989,0.07033205343960346
UGC09133_rotmod.dat,True,68,nested,8.398465725309833e-11,1.613736275693115e+29,892.1227953945955,42807.92400465846,20908.82553276163,60614.978259221745,12557.232548981474,59783.26613153844,0.06962797032884556,0.068747202382678,1.0237808119157303,858.21775799263,19842.155154593125,11250.10846265618,0.06900731937881309,1.111969146977687,7.188054390778828e-11,1.8854766622918255e+29,731.3347847759123,18425.792778488023,10743.83161629249,0.06542274891871185,0.47254815918227605,3405.263678410066,31443.82342824609,24199.80408437918,0.10488585148450083
UGC09992_rotmod.dat,True,5,nested,2.2698926652007615e-11,5.9707267259260796e+29,1.5714407819086482,68.81106252430442,3173.075741702763,20997.16016323925,2691.8807674418777,19937.971389380877,0.09585868105144335,0.096443462256212,1.0855346877693615,1.5217612052113152,3122.5160773218645,2681.1484332115506,0.09306459163306305,2.0,9.357178472646566e-12,1.448396954350758e+30,0.7376193792769173,2173.9401733609693,1801.752153712749,0.0649329354435748,0.1,15.708586852542687,10032.287924230608,8528.765419907262,0.1837954843367152
UGC10310_rotmod.dat,True,7,nested,9.638575694498806e-11,1.4061111548704291e+29,4.620708442988622,63.93059016767517,4111.078598319138,15291.702971672898,3747.048189462483,13966.715148405628,0.05337733157284579,0.048250636961411034,1.0681991739138554,4.390950558031149,4007.5668020028306,3594.3299779667714,0.05077015294110907,2.0,4.3974613730231805e-11,3.0819847296988007e+29,1.5228050103486228,2360.0632667961013,2131.766710637941,0.030908122086685183,0.38075186644919806,14.645330108139813,7318.988747056411,6591.863519218076,0.09290922566004883
UGC11455_rotmod.dat,True,36,nested,8.740698753613149e-11,1.550552099223805e+29,165.66788521429373,4750.114192237097,12575.78766257616,77188.86729360976,9894.60575729798,75325.06502709525,0.11078307930861153,0.11726851179618612,0.9933187533891503,165.45759532156325,12635.087104177992,10097.517869567926,0.11074109537875937,0.8537354606615064,1.1669296822234314e-10,1.1614160653857458e+29,161.76340593864256,12620.827102986703,10153.15807395505,0.10892115800057713,0.43846789557950994,162.2390341117321,12608.616755558276,10063.716197123098,0.10989466654479105
UGC11557_rotmod.dat,True,12,nested,1.0598874655734296e-11,1.278712055884655e+30,15.593724504848955,636.0630838053333,9317.084510595485,55079.55841786364,7543.034391811082,54228.89266695309,0.38353933238638027,0.3808391800086108,0.9404264320621288,15.203110795571572,9088.228310910734,7655.49058740459,0.38280236107605714,0.2414273442401042,8.442153728167745e-11,1.605385217741023e+29,10.561346111685788,7588.611859420002,5755.659104834019,0.3657197751035371,0.1,16.08233135109366,8674.1377804207,7129.213918100115,0.35784901316093565
UGC11820_rotmod.dat,True,10,nested,9.452538603919578e-11,1.4337850781670367e+29,21.797650953835227,2180.1028554404693,3901.698339689438,11723.927991226825,2613.2693813103506,9662.213822639153,0.0853843200614524,0.08125161774719089,1.0771821272740243,19.920546041580575,3569.7931047218935,2439.897802047019,0.08254294842530709,1.390714530373149,8.314376883906176e-11,1.6300570674552433e+29,13.311972129723221,3009.1468575341087,2309.276258904977,0.07672266403111339,0.1,887.1970253675421,11310.119840448304,10242.692554159661,0.26043126048397414
UGC11914_rotmod.dat,True,65,nested,3.1404717796544833e-10,4.315564587747662e+28,906.0668032061092,3313.743889533647,18428.33644475126,30805.582882735554,14492.664880312099,28797.139517434505,0.05188196448467634,0.036890382228486826,1.0496444514388676,827.4104853536421,16295.969225306411,13535.085936117515,0.05058041039209994,1.4028360472669306,1.2632760052190858e-10,1.0728382986065923e+29,180.45502159996948,9460.731922661891,6720.999884383529,0.03515523552577936,0.7988544817378668,397.118958916565,11559.895699950146,9908.59346771968,0.038594600787552474
UGC12506_rotmod.dat,True,31,nested,2.221201944625954e-10,6.101610361853005e+28,91.5486988710417,93.15660360552894,26110.325753403653,25916.70708316428,19378.171324448027,21335.353857643684,0.16715710690127755,0.15890044353048238,1.0501402812829224,90.04726576353876,25945.099467022927,19288.74237276658,0.16637114804027894,2.0,8.801254757386767e-11,1.5398837068911115e+29,59.40055710934185,22383.54405252981,15137.618795423517,0.15493110574210284,0.8697717853810674,78.44615689895518,24524.4850270212,17686.41333166251,0.16170770306428392
UGC12632_rotmod.dat,True,15,nested,1.0793120704527096e-10,1.2556988077982946e+29,30.415604799355563,265.0529843121332,4403.10013893217,12450.633712112069,3748.147162990272,10856.39864373859,0.059027453429187055,0.05408232041202474,1.1246103634434033,27.86897500659451,4070.297857770166,3453.380906985472,0.054768461881399624,2.0,5.896681536627039e-11,2.2983959226752077e+29,9.527914004827045,2534.260643777806,2160.7481967608737,0.040470460929371746,0.36127288225931614,94.93327404629918,7447.038284831685,6497.562367391469,0.09892169266244522
UGC12732_rotmod.dat,True,16,nested,1.4526329910888524e-10,9.329891916428864e+28,14.932770409809217,125.39797176160577,3400.8746824561463,9502.764367195123,3100.757318823668,8537.89232440375,0.03672594311247919,0.027444200257880393,1.1320883657453562,11.767203953561262,2884.84639782829,2237.3574989529584,0.028880648070695767,1.715845354020119,9.942442836076264e-11,1.3631367084074032e+29,1.494213074014031,1107.6211782150747,902.6689042292292,0.01742991011120886,0.5709637834949821,59.28994600276026,6523.968706736888,5294.140221673029,0.06590961592895167
UGCA281_rotmod.dat,False,7,nested,7.38030035140256e-11,1.836362770591329e+29,1.8753063699032773,139.6108747993665,732.147698117996,7027.48912112686,622.8549852204115,6749.744651414266,0.03292209989830483,0.03386986603338832,0.9927876082803788,1.8710200482566215,736.7549252314448,639.702586530927,0.032842468330582124,0.3627812357197232,1.929882955476475e-10,7.022658427361282e+28,1.1965139740448143,556.1602993823211,438.04472419554924,0.022886344152623587,0.25485415521545723,1.2141339034220586,579.5629589443131,461.0336611633048,0.02219467100551717
UGCA442_rotmod.dat,True,8,nested,1.954773880332673e-10,6.933236082933165e+28,39.01404447540699,58.049445116768034,3669.195949910537,4998.417121102141,3097.5109571505564,4160.722711739475,0.06788422670142252,0.06985979249892078,0.9161643769775485,38.651520463971686,3503.6668880576794,2972.879089342793,0.0667643446535566,0.1,2.6467282214409286e-10,5.120627305556634e+28,30.961289542762195,3284.1115263855972,2862.401361381384,0.05347116387821099,0.46032644813680035,35.356487276809744,3348.0562877395364,2888.163536770191,0.06100465875388065
UGCA444_rotmod.dat,True,36,nested,9.56607313998307e-11,1.4167682603691394e+29,6.739605922016036,84.81453053007515,1853.5442044893537,5358.033453419444,1404.028751056284,4802.144531756911,0.07424741398028366,0.06482510795707573,1.491426748197245,6.153088197565292,1704.445352207586,1252.560711174991,0.059496256950365735,2.0,8.414330179388815e-11,1.6106937227512264e+29,5.264125811717252,1765.1098137594124,1252.6692557398007,0.05198650172810186,0.14159194657042362,66.50256342513151,4634.340217663746,4168.533349746545,0.16523151066006275
